transactions_id,sale_date,sale_time,customer_id,gender,age,category,quantiy,price_per_unit,cogs,total_sale,sale_hour,time_category,age_category,profit,Year_name,Month_name,Day_name
180,2022-11-05,10:47:00,117,Male,41,Clothing,3,300,129,900,10,Morning,Adult,771.00,2022,November,Saturday
522,2022-07-09,11:00:00,52,Male,46,Beauty,3,500,145,1500,11,Morning,Adult,1355.00,2022,July,Saturday
559,2022-12-12,10:48:00,5,Female,40,Clothing,4,300,84,1200,10,Morning,Adult,1116.00,2022,December,Monday
1180,2022-01-06,8:53:00,85,Male,41,Clothing,3,300,129,900,8,Morning,Adult,771.00,2022,January,Thursday
1522,2022-11-14,8:35:00,48,Male,46,Beauty,3,500,235,1500,8,Morning,Adult,1265.00,2022,November,Monday
1559,2022-08-20,7:40:00,49,Female,40,Clothing,4,300,144,1200,7,Morning,Adult,1056.00,2022,August,Saturday
163,2022-10-31,9:38:00,144,Female,64,Clothing,3,50,23,150,9,Morning,Old,127.00,2022,October,Monday
303,2022-04-22,11:09:00,54,Male,19,Electronics,3,30,15,90,11,Morning,Adult,75.00,2022,April,Friday
421,2022-04-08,8:43:00,66,Female,37,Clothing,3,500,235,1500,8,Morning,Adult,1265.00,2022,April,Friday
979,2022-05-18,10:18:00,6,Female,19,Beauty,1,25,11,25,10,Morning,Adult,14.00,2022,May,Wednesday
1163,2022-05-04,10:52:00,120,Female,64,Clothing,3,50,27,150,10,Morning,Old,123.00,2022,May,Wednesday
1303,2022-03-19,8:59:00,58,Male,19,Electronics,3,30,15,90,8,Morning,Adult,75.00,2022,March,Saturday
1421,2022-01-17,7:07:00,59,Female,37,Clothing,3,500,185,1500,7,Morning,Adult,1315.00,2022,January,Monday
1979,2022-08-17,11:34:00,102,Female,19,Beauty,1,25,8,25,11,Morning,Adult,17.00,2022,August,Wednesday
610,2022-12-18,6:56:00,137,Female,26,Beauty,2,300,93,600,6,Morning,Adult,507.00,2022,December,Sunday
1610,2022-11-23,10:18:00,1,Female,26,Beauty,2,300,102,600,10,Morning,Adult,498.00,2022,November,Wednesday
32,2022-07-16,9:11:00,150,Male,30,Beauty,3,30,8,90,9,Morning,Adult,82.00,2022,July,Saturday
231,2022-07-09,7:02:00,50,Female,23,Clothing,3,50,27,150,7,Morning,Adult,123.00,2022,July,Saturday
683,2022-03-06,10:22:00,82,Male,38,Beauty,2,500,175,1000,10,Morning,Adult,825.00,2022,March,Sunday
1032,2022-04-01,8:15:00,1,Male,30,Beauty,3,30,11,90,8,Morning,Adult,79.00,2022,April,Friday
1231,2022-01-29,7:05:00,12,Female,23,Clothing,3,50,23,150,7,Morning,Adult,127.00,2022,January,Saturday
1683,2022-05-04,7:19:00,98,Male,38,Beauty,2,500,220,1000,7,Morning,Adult,780.00,2022,May,Wednesday
367,2022-12-30,7:03:00,123,Female,57,Electronics,1,50,18,50,7,Morning,Adult,32.00,2022,December,Friday
391,2022-03-25,7:37:00,68,Male,19,Beauty,2,25,6,50,7,Morning,Adult,44.00,2022,March,Friday
1797,2022-04-16,11:47:00,147,Male,40,Clothing,3,25,12,75,11,Morning,Adult,63.00,2022,April,Saturday
1921,2022-02-08,7:01:00,77,Male,51,Electronics,3,25,8,75,7,Morning,Adult,67.00,2022,February,Tuesday
291,2022-11-22,8:29:00,15,Male,60,Clothing,2,300,126,600,8,Morning,Old,474.00,2022,November,Tuesday
907,2022-09-02,6:16:00,145,Female,45,Electronics,1,25,9,25,6,Morning,Adult,16.00,2022,September,Friday
1291,2022-04-04,11:19:00,72,Male,60,Clothing,2,300,153,600,11,Morning,Old,447.00,2022,April,Monday
1907,2022-11-17,11:21:00,115,Female,45,Electronics,1,25,9,25,11,Morning,Adult,16.00,2022,November,Thursday
860,2022-04-11,8:58:00,85,Male,63,Clothing,4,50,16,200,8,Morning,Old,184.00,2022,April,Monday
1860,2022-03-12,11:21:00,57,Male,63,Clothing,4,50,18,200,11,Morning,Old,182.00,2022,March,Saturday
184,2022-02-13,6:44:00,128,Male,31,Electronics,4,50,17,200,6,Morning,Adult,183.00,2022,February,Sunday
734,2022-03-12,8:54:00,77,Female,27,Clothing,1,30,16,30,8,Morning,Adult,14.00,2022,March,Saturday
1184,2022-02-12,8:28:00,23,Male,31,Electronics,4,50,28,200,8,Morning,Adult,172.00,2022,February,Saturday
1734,2022-02-28,8:58:00,72,Female,27,Clothing,1,30,14,30,8,Morning,Adult,16.00,2022,February,Monday
225,2022-03-05,7:37:00,85,Female,57,Beauty,4,25,13,100,7,Morning,Adult,87.00,2022,March,Saturday
1679,2022-09-23,8:08:00,71,Female,18,Beauty,3,30,15,90,8,Morning,Adult,75.00,2022,September,Friday
1746,2022-06-13,7:59:00,88,Female,33,Clothing,3,30,11,90,7,Morning,Adult,79.00,2022,June,Monday
3,2022-06-14,7:08:00,114,Male,50,Electronics,1,30,8,30,7,Morning,Adult,22.00,2022,June,Tuesday
464,2022-03-06,11:13:00,24,Male,38,Electronics,2,300,75,600,11,Morning,Adult,525.00,2022,March,Sunday
484,2022-03-13,7:52:00,135,Female,19,Clothing,4,300,75,1200,7,Morning,Adult,1125.00,2022,March,Sunday
591,2022-03-21,8:38:00,94,Male,53,Electronics,4,25,7,100,8,Morning,Adult,93.00,2022,March,Monday
1003,2022-01-26,7:59:00,80,Male,50,Electronics,1,30,16,30,7,Morning,Adult,14.00,2022,January,Wednesday
1464,2022-11-13,10:06:00,80,Male,38,Electronics,2,300,126,600,10,Morning,Adult,474.00,2022,November,Sunday
1484,2022-11-23,9:29:00,22,Female,19,Clothing,4,300,147,1200,9,Morning,Adult,1053.00,2022,November,Wednesday
1591,2022-09-29,11:00:00,62,Male,53,Electronics,4,25,7,100,11,Morning,Adult,93.00,2022,September,Thursday
21,2022-07-11,7:33:00,59,Female,50,Beauty,1,500,275,500,7,Morning,Adult,225.00,2022,July,Monday
708,2022-04-06,8:38:00,62,Female,43,Beauty,3,300,87,900,8,Morning,Adult,813.00,2022,April,Wednesday
713,2022-04-16,11:43:00,39,Male,34,Beauty,3,25,11,75,11,Morning,Adult,64.00,2022,April,Saturday
768,2022-06-27,6:50:00,58,Female,24,Beauty,3,25,11,75,6,Morning,Adult,64.00,2022,June,Monday
1021,2022-06-11,10:19:00,44,Female,50,Beauty,1,500,155,500,10,Morning,Adult,345.00,2022,June,Saturday
1708,2022-02-08,7:47:00,41,Female,43,Beauty,3,300,162,900,7,Morning,Adult,738.00,2022,February,Tuesday
1713,2022-10-03,10:10:00,90,Male,34,Beauty,3,25,11,75,10,Morning,Adult,64.00,2022,October,Monday
1768,2022-07-31,9:52:00,85,Female,24,Beauty,3,25,9,75,9,Morning,Adult,66.00,2022,July,Sunday
499,2022-04-03,10:52:00,15,Male,46,Beauty,2,30,17,60,10,Morning,Adult,43.00,2022,April,Sunday
697,2022-12-25,7:52:00,152,Male,53,Clothing,1,500,200,500,7,Morning,Adult,300.00,2022,December,Sunday
831,2022-11-30,11:49:00,149,Male,27,Electronics,4,25,14,100,11,Morning,Adult,86.00,2022,November,Wednesday
1499,2022-09-23,9:46:00,3,Male,46,Beauty,2,30,12,60,9,Morning,Adult,48.00,2022,September,Friday
1697,2022-12-18,8:22:00,54,Male,53,Clothing,1,500,265,500,8,Morning,Adult,235.00,2022,December,Sunday
1831,2022-03-26,10:54:00,80,Male,27,Electronics,4,25,7,100,10,Morning,Adult,93.00,2022,March,Saturday
15,2022-07-01,11:50:00,75,Female,42,Electronics,4,500,210,2000,11,Morning,Adult,1790.00,2022,July,Friday
743,2022-08-07,7:54:00,55,Female,34,Beauty,4,500,260,2000,7,Morning,Adult,1740.00,2022,August,Sunday
1015,2022-03-09,11:53:00,94,Female,42,Electronics,4,500,200,2000,11,Morning,Adult,1800.00,2022,March,Wednesday
1743,2022-10-26,9:37:00,47,Female,34,Beauty,4,500,250,2000,9,Morning,Adult,1750.00,2022,October,Wednesday
14,2022-05-18,7:11:00,8,Male,64,Clothing,4,30,13,120,7,Morning,Old,107.00,2022,May,Wednesday
103,2022-11-12,10:05:00,33,Female,59,Clothing,1,25,11,25,10,Morning,Adult,14.00,2022,November,Saturday
238,2022-05-10,11:52:00,20,Female,39,Beauty,1,500,150,500,11,Morning,Adult,350.00,2022,May,Tuesday
986,2022-08-01,9:35:00,65,Female,49,Clothing,2,500,200,1000,9,Morning,Adult,800.00,2022,August,Monday
1014,2022-02-04,10:26:00,147,Male,64,Clothing,4,30,11,120,10,Morning,Old,109.00,2022,February,Friday
1103,2022-02-14,7:11:00,61,Female,59,Clothing,1,25,7,25,7,Morning,Adult,18.00,2022,February,Monday
1238,2022-09-17,7:38:00,129,Female,39,Beauty,1,500,165,500,7,Morning,Adult,335.00,2022,September,Saturday
1986,2022-09-14,8:28:00,29,Female,49,Clothing,2,500,145,1000,8,Morning,Adult,855.00,2022,September,Wednesday
438,2022-08-31,10:15:00,88,Female,42,Clothing,1,30,16,30,10,Morning,Adult,14.00,2022,August,Wednesday
1438,2022-01-07,10:00:00,72,Female,42,Clothing,1,30,14,30,10,Morning,Adult,16.00,2022,January,Friday
475,2022-08-12,10:39:00,78,Male,26,Clothing,3,25,9,75,10,Morning,Adult,66.00,2022,August,Friday
505,2022-12-17,7:25:00,86,Male,24,Beauty,1,50,20,50,7,Morning,Adult,30.00,2022,December,Saturday
1475,2022-10-04,7:03:00,132,Male,26,Clothing,3,25,11,75,7,Morning,Adult,64.00,2022,October,Tuesday
1505,2022-10-30,8:00:00,98,Male,24,Beauty,1,50,15,50,8,Morning,Adult,35.00,2022,October,Sunday
344,2022-07-17,9:47:00,69,Female,42,Beauty,1,30,8,30,9,Morning,Adult,22.00,2022,July,Sunday
448,2022-03-19,9:36:00,86,Female,54,Beauty,2,30,16,60,9,Morning,Adult,44.00,2022,March,Saturday
742,2022-03-19,6:08:00,37,Female,38,Electronics,4,500,195,2000,6,Morning,Adult,1805.00,2022,March,Saturday
1344,2022-12-18,6:12:00,144,Female,42,Beauty,1,30,11,30,6,Morning,Adult,19.00,2022,December,Sunday
1448,2022-05-16,6:28:00,51,Female,54,Beauty,2,30,9,60,6,Morning,Adult,51.00,2022,May,Monday
1742,2022-11-22,8:25:00,18,Female,38,Electronics,4,500,220,2000,8,Morning,Adult,1780.00,2022,November,Tuesday
445,2022-04-14,10:48:00,132,Female,53,Electronics,1,300,138,300,10,Morning,Adult,162.00,2022,April,Thursday
787,2022-06-10,10:42:00,25,Male,41,Electronics,1,25,14,25,10,Morning,Adult,11.00,2022,June,Friday
1445,2022-04-19,6:16:00,31,Female,53,Electronics,1,300,129,300,6,Morning,Adult,171.00,2022,April,Tuesday
1787,2022-05-30,7:42:00,104,Male,41,Electronics,1,25,10,25,7,Morning,Adult,15.00,2022,May,Monday
49,2022-09-17,10:33:00,37,Female,54,Electronics,2,500,255,1000,10,Morning,Adult,745.00,2022,September,Saturday
420,2022-01-02,10:53:00,28,Female,22,Clothing,4,500,200,2000,10,Morning,Adult,1800.00,2022,January,Sunday
519,2022-04-08,10:17:00,52,Female,36,Electronics,4,30,17,120,10,Morning,Adult,103.00,2022,April,Friday
1049,2022-05-16,6:36:00,143,Female,54,Electronics,2,500,125,1000,6,Morning,Adult,875.00,2022,May,Monday
1420,2022-04-15,7:01:00,138,Female,22,Clothing,4,500,205,2000,7,Morning,Adult,1795.00,2022,April,Friday
1519,2022-01-08,7:35:00,139,Female,36,Electronics,4,30,9,120,7,Morning,Adult,111.00,2022,January,Saturday
64,2022-11-15,6:34:00,7,Male,49,Clothing,4,25,9,100,6,Morning,Adult,91.00,2022,November,Tuesday
592,2022-12-26,9:15:00,77,Female,46,Beauty,4,500,275,2000,9,Morning,Adult,1725.00,2022,December,Monday
912,2022-10-31,6:18:00,122,Male,51,Beauty,3,50,21,150,6,Morning,Adult,129.00,2022,October,Monday
1064,2022-04-14,10:38:00,49,Male,49,Clothing,4,25,14,100,10,Morning,Adult,86.00,2022,April,Thursday
1592,2022-03-16,9:08:00,81,Female,46,Beauty,4,500,155,2000,9,Morning,Adult,1845.00,2022,March,Wednesday
1912,2022-05-27,7:40:00,146,Male,51,Beauty,3,50,22,150,7,Morning,Adult,128.00,2022,May,Friday
134,2022-08-25,9:03:00,132,Male,49,Electronics,1,50,16,50,9,Morning,Adult,34.00,2022,August,Thursday
1134,2022-08-05,9:04:00,106,Male,49,Electronics,1,50,24,50,9,Morning,Adult,26.00,2022,August,Friday
288,2022-05-02,9:59:00,27,Male,28,Clothing,4,30,12,120,9,Morning,Adult,108.00,2022,May,Monday
323,2022-01-21,8:22:00,97,Female,29,Beauty,3,300,150,900,8,Morning,Adult,750.00,2022,January,Friday
618,2022-10-13,10:22:00,5,Female,27,Beauty,1,50,26,50,10,Morning,Adult,24.00,2022,October,Thursday
720,2022-04-08,8:50:00,116,Female,56,Beauty,3,500,235,1500,8,Morning,Adult,1265.00,2022,April,Friday
1288,2022-04-05,11:56:00,26,Male,28,Clothing,4,30,9,120,11,Morning,Adult,111.00,2022,April,Tuesday
1323,2022-08-15,10:49:00,136,Female,29,Beauty,3,300,114,900,10,Morning,Adult,786.00,2022,August,Monday
1618,2022-09-15,6:27:00,118,Female,27,Beauty,1,50,14,50,6,Morning,Adult,36.00,2022,September,Thursday
1720,2022-10-10,8:51:00,28,Female,56,Beauty,3,500,190,1500,8,Morning,Adult,1310.00,2022,October,Monday
415,2022-01-05,9:59:00,85,Male,53,Clothing,2,30,8,60,9,Morning,Adult,52.00,2022,January,Wednesday
736,2022-12-18,8:30:00,97,Male,29,Clothing,4,25,10,100,8,Morning,Adult,90.00,2022,December,Sunday
929,2022-03-11,10:18:00,40,Female,23,Beauty,3,25,11,75,10,Morning,Adult,64.00,2022,March,Friday
1415,2022-03-06,7:11:00,146,Male,53,Clothing,2,30,15,60,7,Morning,Adult,45.00,2022,March,Sunday
1736,2022-08-28,8:57:00,87,Male,29,Clothing,4,25,10,100,8,Morning,Adult,90.00,2022,August,Sunday
1929,2022-09-15,6:50:00,62,Female,23,Beauty,3,25,13,75,6,Morning,Adult,62.00,2022,September,Thursday
264,2022-12-26,11:03:00,111,Male,47,Clothing,3,300,150,900,11,Morning,Adult,750.00,2022,December,Monday
913,2022-10-12,10:52:00,78,Male,29,Electronics,3,30,17,90,10,Morning,Adult,73.00,2022,October,Wednesday
940,2022-01-05,8:11:00,46,Female,20,Electronics,1,30,10,30,8,Morning,Adult,20.00,2022,January,Wednesday
1264,2022-05-27,9:23:00,82,Male,47,Clothing,3,300,123,900,9,Morning,Adult,777.00,2022,May,Friday
1913,2022-06-23,7:10:00,101,Male,29,Electronics,3,30,14,90,7,Morning,Adult,76.00,2022,June,Thursday
1940,2022-06-15,9:47:00,56,Female,20,Electronics,1,30,11,30,9,Morning,Adult,19.00,2022,June,Wednesday
101,2022-01-08,8:46:00,24,Male,32,Clothing,2,300,135,600,8,Morning,Adult,465.00,2022,January,Saturday
1101,2022-05-17,7:47:00,15,Male,32,Clothing,2,300,132,600,7,Morning,Adult,468.00,2022,May,Tuesday
189,2022-01-02,9:44:00,143,Male,63,Beauty,1,50,15,50,9,Morning,Old,35.00,2022,January,Sunday
317,2022-05-04,7:54:00,117,Male,22,Electronics,3,30,12,90,7,Morning,Adult,78.00,2022,May,Wednesday
322,2022-10-19,6:11:00,13,Male,51,Electronics,1,500,125,500,6,Morning,Adult,375.00,2022,October,Wednesday
329,2022-10-27,7:42:00,52,Female,46,Electronics,4,25,8,100,7,Morning,Adult,92.00,2022,October,Thursday
1189,2022-12-07,6:08:00,104,Male,63,Beauty,1,50,21,50,6,Morning,Old,29.00,2022,December,Wednesday
1317,2022-08-25,8:02:00,144,Male,22,Electronics,3,30,12,90,8,Morning,Adult,78.00,2022,August,Thursday
1322,2022-11-14,9:56:00,10,Male,51,Electronics,1,500,250,500,9,Morning,Adult,250.00,2022,November,Monday
1329,2022-01-27,10:39:00,119,Female,46,Electronics,4,25,9,100,10,Morning,Adult,91.00,2022,January,Thursday
235,2022-03-10,10:13:00,132,Female,23,Electronics,2,500,275,1000,10,Morning,Adult,725.00,2022,March,Thursday
300,2022-01-08,9:41:00,138,Female,19,Electronics,4,50,27,200,9,Morning,Adult,173.00,2022,January,Saturday
964,2022-08-26,8:18:00,15,Male,24,Clothing,3,300,156,900,8,Morning,Adult,744.00,2022,August,Friday
1235,2022-04-04,6:44:00,87,Female,23,Electronics,2,500,220,1000,6,Morning,Adult,780.00,2022,April,Monday
1300,2022-08-08,8:57:00,7,Female,19,Electronics,4,50,24,200,8,Morning,Adult,176.00,2022,August,Monday
1964,2022-08-02,8:27:00,115,Male,24,Clothing,3,300,111,900,8,Morning,Adult,789.00,2022,August,Tuesday
269,2022-09-19,11:31:00,87,Male,25,Clothing,4,500,250,2000,11,Morning,Adult,1750.00,2022,September,Monday
320,2022-04-20,8:35:00,57,Female,28,Electronics,4,300,159,1200,8,Morning,Adult,1041.00,2022,April,Wednesday
673,2022-07-04,10:14:00,18,Female,43,Clothing,3,500,270,1500,10,Morning,Adult,1230.00,2022,July,Monday
1269,2022-01-01,8:09:00,71,Male,25,Clothing,4,500,145,2000,8,Morning,Adult,1855.00,2022,January,Saturday
1320,2022-11-02,11:55:00,102,Female,28,Electronics,4,300,84,1200,11,Morning,Adult,1116.00,2022,November,Wednesday
1673,2022-06-14,7:36:00,42,Female,43,Clothing,3,500,185,1500,7,Morning,Adult,1315.00,2022,June,Tuesday
142,2022-04-08,10:05:00,61,Male,35,Electronics,4,300,138,1200,10,Morning,Adult,1062.00,2022,April,Friday
223,2022-01-15,11:18:00,61,Female,64,Clothing,1,25,12,25,11,Morning,Old,13.00,2022,January,Saturday
666,2022-03-03,10:59:00,49,Male,51,Electronics,3,50,16,150,10,Morning,Adult,134.00,2022,March,Thursday
1142,2022-11-09,9:49:00,2,Male,35,Electronics,4,300,114,1200,9,Morning,Adult,1086.00,2022,November,Wednesday
1223,2022-02-20,7:40:00,106,Female,64,Clothing,1,25,10,25,7,Morning,Old,15.00,2022,February,Sunday
1666,2022-12-08,10:10:00,125,Male,51,Electronics,3,50,21,150,10,Morning,Adult,129.00,2022,December,Thursday
107,2022-10-06,9:18:00,75,Female,21,Clothing,4,300,78,1200,9,Morning,Adult,1122.00,2022,October,Thursday
933,2022-09-19,7:53:00,81,Male,22,Beauty,1,30,13,30,7,Morning,Adult,17.00,2022,September,Monday
1107,2022-12-31,11:14:00,62,Female,21,Clothing,4,300,102,1200,11,Morning,Adult,1098.00,2022,December,Saturday
1933,2022-01-12,11:04:00,121,Male,22,Beauty,1,30,14,30,11,Morning,Adult,16.00,2022,January,Wednesday
237,2022-04-11,8:54:00,105,Female,50,Beauty,2,500,165,1000,8,Morning,Adult,835.00,2022,April,Monday
335,2022-02-02,9:23:00,2,Female,47,Beauty,4,30,11,120,9,Morning,Adult,109.00,2022,February,Wednesday
1237,2022-02-23,9:20:00,48,Female,50,Beauty,2,500,215,1000,9,Morning,Adult,785.00,2022,February,Wednesday
1335,2022-05-27,8:45:00,117,Female,47,Beauty,4,30,9,120,8,Morning,Adult,111.00,2022,May,Friday
63,2022-02-03,11:49:00,127,Male,57,Electronics,2,25,6,50,11,Morning,Adult,44.00,2022,February,Thursday
195,2022-08-14,11:51:00,10,Male,52,Clothing,1,30,9,30,11,Morning,Adult,21.00,2022,August,Sunday
333,2022-10-06,8:15:00,21,Female,54,Electronics,4,300,99,1200,8,Morning,Adult,1101.00,2022,October,Thursday
379,2022-06-01,7:28:00,76,Female,47,Clothing,1,25,9,25,7,Morning,Adult,16.00,2022,June,Wednesday
490,2022-01-27,6:07:00,43,Male,34,Clothing,3,50,19,150,6,Morning,Adult,131.00,2022,January,Thursday
530,2022-05-01,7:52:00,8,Female,18,Electronics,4,30,9,120,7,Morning,Adult,111.00,2022,May,Sunday
740,2022-12-01,6:58:00,33,Female,25,Beauty,4,50,13,200,6,Morning,Adult,187.00,2022,December,Thursday
793,2022-05-27,10:53:00,1,Male,54,Beauty,1,30,15,30,10,Morning,Adult,15.00,2022,May,Friday
1063,2022-08-04,10:26:00,56,Male,57,Electronics,2,25,11,50,10,Morning,Adult,39.00,2022,August,Thursday
1195,2022-09-21,7:07:00,55,Male,52,Clothing,1,30,12,30,7,Morning,Adult,18.00,2022,September,Wednesday
1333,2022-11-01,11:38:00,151,Female,54,Electronics,4,300,165,1200,11,Morning,Adult,1035.00,2022,November,Tuesday
1379,2022-01-02,6:23:00,69,Female,47,Clothing,1,25,7,25,6,Morning,Adult,18.00,2022,January,Sunday
1490,2022-10-26,7:15:00,155,Male,34,Clothing,3,50,17,150,7,Morning,Adult,133.00,2022,October,Wednesday
1530,2022-12-10,8:17:00,93,Female,18,Electronics,4,30,12,120,8,Morning,Adult,108.00,2022,December,Saturday
1740,2022-07-16,6:01:00,66,Female,25,Beauty,4,50,27,200,6,Morning,Adult,173.00,2022,July,Saturday
1793,2022-12-11,6:05:00,88,Male,54,Beauty,1,30,11,30,6,Morning,Adult,19.00,2022,December,Sunday
85,2022-09-03,8:05:00,68,Male,31,Clothing,3,50,19,150,8,Morning,Adult,131.00,2022,September,Saturday
232,2022-08-12,7:14:00,150,Female,43,Beauty,1,25,13,25,7,Morning,Adult,12.00,2022,August,Friday
240,2022-11-05,11:49:00,95,Female,23,Beauty,1,300,123,300,11,Morning,Adult,177.00,2022,November,Saturday
993,2022-09-07,9:21:00,134,Female,48,Electronics,3,50,17,150,9,Morning,Adult,133.00,2022,September,Wednesday
1085,2022-08-12,9:29:00,76,Male,31,Clothing,3,50,17,150,9,Morning,Adult,133.00,2022,August,Friday
1232,2022-05-23,8:05:00,146,Female,43,Beauty,1,25,6,25,8,Morning,Adult,19.00,2022,May,Monday
1240,2022-08-07,7:42:00,144,Female,23,Beauty,1,300,90,300,7,Morning,Adult,210.00,2022,August,Sunday
1993,2022-12-29,11:53:00,123,Female,48,Electronics,3,50,27,150,11,Morning,Adult,123.00,2022,December,Thursday
366,2022-10-29,9:32:00,116,Male,57,Clothing,2,50,18,100,9,Morning,Adult,82.00,2022,October,Saturday
372,2022-06-19,11:45:00,27,Female,24,Beauty,3,500,140,1500,11,Morning,Adult,1360.00,2022,June,Sunday
596,2022-02-12,8:44:00,87,Female,64,Electronics,1,300,93,300,8,Morning,Old,207.00,2022,February,Saturday
936,2022-01-05,10:51:00,143,Male,57,Beauty,4,50,20,200,10,Morning,Adult,180.00,2022,January,Wednesday
1366,2022-01-01,11:34:00,25,Male,57,Clothing,2,50,24,100,11,Morning,Adult,76.00,2022,January,Saturday
1372,2022-03-18,10:53:00,60,Female,24,Beauty,3,500,145,1500,10,Morning,Adult,1355.00,2022,March,Friday
1596,2022-03-28,6:22:00,7,Female,64,Electronics,1,300,141,300,6,Morning,Old,159.00,2022,March,Monday
1936,2022-06-19,11:32:00,60,Male,57,Beauty,4,50,13,200,11,Morning,Adult,187.00,2022,June,Sunday
284,2022-11-12,9:17:00,129,Male,43,Clothing,4,50,21,200,9,Morning,Adult,179.00,2022,November,Saturday
434,2022-10-26,6:09:00,50,Female,43,Electronics,2,25,8,50,6,Morning,Adult,42.00,2022,October,Wednesday
775,2022-05-06,11:07:00,98,Female,46,Electronics,4,25,10,100,11,Morning,Adult,90.00,2022,May,Friday
977,2022-07-26,8:35:00,46,Female,35,Electronics,3,25,14,75,8,Morning,Adult,61.00,2022,July,Tuesday
1284,2022-12-16,11:43:00,145,Male,43,Clothing,4,50,18,200,11,Morning,Adult,182.00,2022,December,Friday
1434,2022-02-04,10:02:00,147,Female,43,Electronics,2,25,7,50,10,Morning,Adult,43.00,2022,February,Friday
1775,2022-12-18,8:04:00,78,Female,46,Electronics,4,25,14,100,8,Morning,Adult,86.00,2022,December,Sunday
1977,2022-08-05,10:46:00,63,Female,35,Electronics,3,25,12,75,10,Morning,Adult,63.00,2022,August,Friday
649,2022-06-21,8:17:00,44,Female,58,Clothing,2,300,135,600,8,Morning,Adult,465.00,2022,June,Tuesday
1649,2022-10-21,7:44:00,72,Female,58,Clothing,2,300,75,600,7,Morning,Adult,525.00,2022,October,Friday
54,2022-10-20,10:17:00,142,Female,38,Electronics,3,500,200,1500,10,Morning,Adult,1300.00,2022,October,Thursday
68,2022-12-15,9:06:00,146,Male,25,Electronics,1,300,84,300,9,Morning,Adult,216.00,2022,December,Thursday
192,2022-11-08,8:05:00,134,Male,62,Beauty,2,50,13,100,8,Morning,Old,87.00,2022,November,Tuesday
1054,2022-01-10,9:24:00,49,Female,38,Electronics,3,500,140,1500,9,Morning,Adult,1360.00,2022,January,Monday
1068,2022-09-14,10:11:00,136,Male,25,Electronics,1,300,111,300,10,Morning,Adult,189.00,2022,September,Wednesday
1192,2022-03-29,8:41:00,37,Male,62,Beauty,2,50,21,100,8,Morning,Old,79.00,2022,March,Tuesday
331,2022-08-16,8:33:00,28,Male,28,Electronics,3,30,10,90,8,Morning,Adult,80.00,2022,August,Tuesday
346,2022-09-05,6:54:00,38,Male,59,Clothing,2,500,215,1000,6,Morning,Adult,785.00,2022,September,Monday
657,2022-01-29,8:53:00,46,Male,40,Clothing,1,25,8,25,8,Morning,Adult,17.00,2022,January,Saturday
732,2022-10-13,8:45:00,136,Male,61,Electronics,2,500,250,1000,8,Morning,Old,750.00,2022,October,Thursday
972,2022-08-16,11:42:00,139,Male,49,Beauty,4,25,7,100,11,Morning,Adult,93.00,2022,August,Tuesday
1331,2022-05-15,9:29:00,36,Male,28,Electronics,3,30,14,90,9,Morning,Adult,76.00,2022,May,Sunday
1346,2022-04-10,10:01:00,112,Male,59,Clothing,2,500,130,1000,10,Morning,Adult,870.00,2022,April,Sunday
1657,2022-08-09,10:05:00,61,Male,40,Clothing,1,25,8,25,10,Morning,Adult,17.00,2022,August,Tuesday
1732,2022-02-25,7:05:00,55,Male,61,Electronics,2,500,215,1000,7,Morning,Old,785.00,2022,February,Friday
1972,2022-12-21,6:39:00,5,Male,49,Beauty,4,25,9,100,6,Morning,Adult,91.00,2022,December,Wednesday
714,2022-10-29,8:50:00,20,Female,18,Clothing,1,500,190,500,8,Morning,Adult,310.00,2022,October,Saturday
1714,2022-11-23,6:07:00,111,Female,18,Clothing,1,500,245,500,6,Morning,Adult,255.00,2022,November,Wednesday
193,2022-03-27,10:40:00,55,Male,35,Beauty,3,500,180,1500,10,Morning,Adult,1320.00,2022,March,Sunday
577,2022-04-21,11:55:00,45,Male,21,Beauty,4,500,215,2000,11,Morning,Adult,1785.00,2022,April,Thursday
848,2022-01-24,10:46:00,15,Female,63,Clothing,3,25,10,75,10,Morning,Old,65.00,2022,January,Monday
945,2022-10-01,10:01:00,120,Male,30,Beauty,1,25,13,25,10,Morning,Adult,12.00,2022,October,Saturday
1193,2022-05-11,11:31:00,50,Male,35,Beauty,3,500,145,1500,11,Morning,Adult,1355.00,2022,May,Wednesday
1577,2022-09-11,6:22:00,145,Male,21,Beauty,4,500,160,2000,6,Morning,Adult,1840.00,2022,September,Sunday
1848,2022-12-27,10:16:00,63,Female,63,Clothing,3,25,13,75,10,Morning,Old,62.00,2022,December,Tuesday
1945,2022-04-19,9:55:00,33,Male,30,Beauty,1,25,11,25,9,Morning,Adult,14.00,2022,April,Tuesday
11,2022-02-27,10:30:00,151,Male,23,Clothing,2,50,24,100,10,Morning,Adult,76.00,2022,February,Sunday
821,2022-11-23,11:27:00,40,Male,49,Electronics,1,300,129,300,11,Morning,Adult,171.00,2022,November,Wednesday
1011,2022-04-01,6:48:00,15,Male,23,Clothing,2,50,19,100,6,Morning,Adult,81.00,2022,April,Friday
1821,2022-10-03,7:17:00,42,Male,49,Electronics,1,300,108,300,7,Morning,Adult,192.00,2022,October,Monday
133,2022-06-23,9:01:00,70,Male,20,Electronics,3,300,87,900,9,Morning,Adult,813.00,2022,June,Thursday
1133,2022-03-05,6:42:00,58,Male,20,Electronics,3,300,159,900,6,Morning,Adult,741.00,2022,March,Saturday
16,2022-06-25,10:33:00,82,Male,19,Clothing,3,500,180,1500,10,Morning,Adult,1320.00,2022,June,Saturday
42,2022-12-08,8:29:00,63,Male,22,Clothing,3,300,147,900,8,Morning,Adult,753.00,2022,December,Thursday
292,2022-10-10,6:33:00,111,Male,20,Beauty,4,300,141,1200,6,Morning,Adult,1059.00,2022,October,Monday
416,2022-08-21,9:29:00,55,Male,53,Electronics,4,500,245,2000,9,Morning,Adult,1755.00,2022,August,Sunday
584,2022-12-31,10:21:00,106,Female,27,Beauty,4,50,17,200,10,Morning,Adult,183.00,2022,December,Saturday
861,2022-09-30,8:57:00,22,Female,41,Clothing,3,30,10,90,8,Morning,Adult,80.00,2022,September,Friday
1016,2022-12-12,7:39:00,52,Male,19,Clothing,3,500,200,1500,7,Morning,Adult,1300.00,2022,December,Monday
1042,2022-02-11,6:21:00,7,Male,22,Clothing,3,300,150,900,6,Morning,Adult,750.00,2022,February,Friday
1292,2022-05-15,8:20:00,88,Male,20,Beauty,4,300,90,1200,8,Morning,Adult,1110.00,2022,May,Sunday
1416,2022-12-29,10:47:00,111,Male,53,Electronics,4,500,125,2000,10,Morning,Adult,1875.00,2022,December,Thursday
1584,2022-09-03,11:07:00,62,Female,27,Beauty,4,50,17,200,11,Morning,Adult,183.00,2022,September,Saturday
1861,2022-07-04,10:41:00,145,Female,41,Clothing,3,30,10,90,10,Morning,Adult,80.00,2022,July,Monday
256,2022-01-09,8:05:00,3,Male,23,Clothing,2,500,270,1000,8,Morning,Adult,730.00,2022,January,Sunday
1256,2022-11-05,9:58:00,29,Male,23,Clothing,2,500,190,1000,9,Morning,Adult,810.00,2022,November,Saturday
44,2022-03-03,11:07:00,93,Female,22,Clothing,1,25,12,25,11,Morning,Adult,13.00,2022,March,Thursday
257,2022-12-10,8:49:00,130,Male,19,Beauty,4,500,165,2000,8,Morning,Adult,1835.00,2022,December,Saturday
1044,2022-02-20,9:08:00,70,Female,22,Clothing,1,25,8,25,9,Morning,Adult,17.00,2022,February,Sunday
1257,2022-05-10,11:55:00,29,Male,19,Beauty,4,500,255,2000,11,Morning,Adult,1745.00,2022,May,Tuesday
268,2022-04-14,8:26:00,93,Female,28,Electronics,1,30,9,30,8,Morning,Adult,21.00,2022,April,Thursday
287,2022-08-26,11:07:00,88,Male,54,Clothing,4,25,10,100,11,Morning,Adult,90.00,2022,August,Friday
966,2022-11-07,7:22:00,119,Male,60,Electronics,2,500,190,1000,7,Morning,Old,810.00,2022,November,Monday
1268,2022-06-09,9:33:00,15,Female,28,Electronics,1,30,14,30,9,Morning,Adult,16.00,2022,June,Thursday
1287,2022-09-13,8:03:00,120,Male,54,Clothing,4,25,7,100,8,Morning,Adult,93.00,2022,September,Tuesday
1966,2022-07-20,9:52:00,74,Male,60,Electronics,2,500,200,1000,9,Morning,Old,800.00,2022,July,Wednesday
70,2022-12-27,10:48:00,147,Female,43,Clothing,1,300,84,300,10,Morning,Adult,216.00,2022,December,Tuesday
371,2022-12-18,10:01:00,32,Female,20,Beauty,1,25,13,25,10,Morning,Adult,12.00,2022,December,Sunday
900,2022-11-10,8:41:00,130,Male,21,Clothing,2,30,16,60,8,Morning,Adult,44.00,2022,November,Thursday
1070,2022-07-14,11:12:00,102,Female,43,Clothing,1,300,120,300,11,Morning,Adult,180.00,2022,July,Thursday
1371,2022-05-06,6:52:00,41,Female,20,Beauty,1,25,14,25,6,Morning,Adult,11.00,2022,May,Friday
1900,2022-01-21,6:43:00,65,Male,21,Clothing,2,30,11,60,6,Morning,Adult,49.00,2022,January,Friday
8,2022-12-27,11:19:00,148,Male,30,Electronics,4,25,11,100,11,Morning,Adult,89.00,2022,December,Tuesday
41,2022-10-11,10:36:00,88,Male,34,Clothing,2,25,13,50,10,Morning,Adult,37.00,2022,October,Tuesday
454,2022-03-12,7:20:00,13,Female,46,Beauty,1,25,13,25,7,Morning,Adult,12.00,2022,March,Saturday
780,2022-07-06,11:30:00,107,Male,52,Electronics,2,25,13,50,11,Morning,Adult,37.00,2022,July,Wednesday
920,2022-08-20,10:25:00,99,Female,28,Beauty,3,25,7,75,10,Morning,Adult,68.00,2022,August,Saturday
1008,2022-01-10,8:51:00,116,Male,30,Electronics,4,25,13,100,8,Morning,Adult,87.00,2022,January,Monday
1041,2022-05-10,7:27:00,74,Male,34,Clothing,2,25,11,50,7,Morning,Adult,39.00,2022,May,Tuesday
1454,2022-06-25,11:18:00,22,Female,46,Beauty,1,25,7,25,11,Morning,Adult,18.00,2022,June,Saturday
1780,2022-12-11,10:00:00,32,Male,52,Electronics,2,25,11,50,10,Morning,Adult,39.00,2022,December,Sunday
1920,2022-10-24,8:33:00,23,Female,28,Beauty,3,25,9,75,8,Morning,Adult,66.00,2022,October,Monday
396,2022-12-15,7:11:00,29,Female,55,Beauty,1,30,11,30,7,Morning,Adult,19.00,2022,December,Thursday
1396,2022-06-07,6:23:00,9,Female,55,Beauty,1,30,8,30,6,Morning,Adult,22.00,2022,June,Tuesday
168,2022-04-29,9:20:00,138,Male,53,Clothing,1,300,102,300,9,Morning,Adult,198.00,2022,April,Friday
400,2022-03-08,9:52:00,2,Male,53,Clothing,4,50,24,200,9,Morning,Adult,176.00,2022,March,Tuesday
611,2022-07-21,8:13:00,11,Male,51,Beauty,3,500,180,1500,8,Morning,Adult,1320.00,2022,July,Thursday
800,2022-09-19,7:33:00,111,Male,32,Clothing,4,300,87,1200,7,Morning,Adult,1113.00,2022,September,Monday
1168,2022-07-10,7:56:00,68,Male,53,Clothing,1,300,150,300,7,Morning,Adult,150.00,2022,July,Sunday
1400,2022-09-12,11:54:00,115,Male,53,Clothing,4,50,20,200,11,Morning,Adult,180.00,2022,September,Monday
1611,2022-11-17,7:30:00,125,Male,51,Beauty,3,500,180,1500,7,Morning,Adult,1320.00,2022,November,Thursday
1800,2022-08-21,10:53:00,1,Male,32,Clothing,4,300,111,1200,10,Morning,Adult,1089.00,2022,August,Sunday
272,2022-06-10,11:57:00,112,Female,61,Electronics,2,50,28,100,11,Morning,Old,72.00,2022,June,Friday
473,2022-09-25,10:09:00,1,Male,64,Beauty,1,50,15,50,10,Morning,Old,35.00,2022,September,Sunday
506,2022-04-29,7:13:00,9,Male,34,Beauty,3,500,200,1500,7,Morning,Adult,1300.00,2022,April,Friday
766,2022-01-04,8:02:00,128,Male,38,Electronics,3,300,165,900,8,Morning,Adult,735.00,2022,January,Tuesday
1272,2022-04-14,11:59:00,66,Female,61,Electronics,2,50,17,100,11,Morning,Old,83.00,2022,April,Thursday
1473,2022-03-19,9:06:00,30,Male,64,Beauty,1,50,13,50,9,Morning,Old,37.00,2022,March,Saturday
1506,2022-01-09,7:31:00,52,Male,34,Beauty,3,500,245,1500,7,Morning,Adult,1255.00,2022,January,Sunday
1766,2022-11-22,6:08:00,6,Male,38,Electronics,3,300,129,900,6,Morning,Adult,771.00,2022,November,Tuesday
135,2022-04-18,7:22:00,104,Male,20,Clothing,2,25,13,50,7,Morning,Adult,37.00,2022,April,Monday
1135,2022-01-14,8:16:00,124,Male,20,Clothing,2,25,13,50,8,Morning,Adult,37.00,2022,January,Friday
2,2022-06-24,10:07:00,104,Female,26,Clothing,2,500,135,1000,10,Morning,Adult,865.00,2022,June,Friday
158,2022-01-21,11:38:00,141,Female,44,Electronics,2,300,132,600,11,Morning,Adult,468.00,2022,January,Friday
185,2022-06-27,9:48:00,57,Male,24,Clothing,1,25,7,25,9,Morning,Adult,18.00,2022,June,Monday
433,2022-07-29,8:48:00,144,Male,29,Beauty,4,50,20,200,8,Morning,Adult,180.00,2022,July,Friday
1002,2022-03-02,9:24:00,69,Female,26,Clothing,2,500,270,1000,9,Morning,Adult,730.00,2022,March,Wednesday
1158,2022-02-24,9:29:00,77,Female,44,Electronics,2,300,138,600,9,Morning,Adult,462.00,2022,February,Thursday
1185,2022-10-04,10:28:00,153,Male,24,Clothing,1,25,10,25,10,Morning,Adult,15.00,2022,October,Tuesday
1433,2022-01-16,11:41:00,113,Male,29,Beauty,4,50,16,200,11,Morning,Adult,184.00,2022,January,Sunday
152,2022-06-16,11:58:00,120,Male,43,Electronics,4,500,210,2000,11,Morning,Adult,1790.00,2022,June,Thursday
753,2022-07-06,10:07:00,70,Female,32,Clothing,1,30,16,30,10,Morning,Adult,14.00,2022,July,Wednesday
763,2022-04-23,9:43:00,58,Male,34,Clothing,2,25,12,50,9,Morning,Adult,38.00,2022,April,Saturday
932,2022-10-08,8:33:00,120,Female,45,Beauty,4,25,8,100,8,Morning,Adult,92.00,2022,October,Saturday
1152,2022-12-26,7:48:00,87,Male,43,Electronics,4,500,170,2000,7,Morning,Adult,1830.00,2022,December,Monday
1753,2022-07-17,7:40:00,28,Female,32,Clothing,1,30,11,30,7,Morning,Adult,19.00,2022,July,Sunday
1763,2022-06-30,11:37:00,93,Male,34,Clothing,2,25,14,50,11,Morning,Adult,36.00,2022,June,Thursday
1932,2022-11-08,7:07:00,96,Female,45,Beauty,4,25,6,100,7,Morning,Adult,94.00,2022,November,Tuesday
399,2022-12-07,9:25:00,136,Female,64,Beauty,2,30,13,60,9,Morning,Old,47.00,2022,December,Wednesday
500,2022-10-14,6:11:00,120,Female,60,Beauty,4,25,12,100,6,Morning,Old,88.00,2022,October,Friday
514,2022-11-04,8:35:00,139,Female,18,Electronics,1,300,96,300,8,Morning,Adult,204.00,2022,November,Friday
1399,2022-01-28,9:32:00,15,Female,64,Beauty,2,30,16,60,9,Morning,Old,44.00,2022,January,Friday
1500,2022-04-20,8:36:00,53,Female,60,Beauty,4,25,9,100,8,Morning,Old,91.00,2022,April,Wednesday
1514,2022-07-12,10:55:00,59,Female,18,Electronics,1,300,75,300,10,Morning,Adult,225.00,2022,July,Tuesday
947,2022-07-31,7:09:00,4,Male,50,Beauty,1,300,129,300,7,Morning,Adult,171.00,2022,July,Sunday
1947,2022-03-05,6:27:00,134,Male,50,Beauty,1,300,75,300,6,Morning,Adult,225.00,2022,March,Saturday
220,2022-05-07,6:44:00,138,Male,64,Beauty,1,500,140,500,6,Morning,Old,360.00,2022,May,Saturday
339,2022-08-18,10:27:00,33,Female,22,Electronics,2,25,10,50,10,Morning,Adult,40.00,2022,August,Thursday
785,2022-10-19,6:09:00,88,Female,31,Beauty,4,50,13,200,6,Morning,Adult,187.00,2022,October,Wednesday
885,2022-09-17,10:10:00,121,Female,52,Clothing,4,30,14,120,10,Morning,Adult,106.00,2022,September,Saturday
888,2022-12-01,6:03:00,63,Female,52,Electronics,4,25,13,100,6,Morning,Adult,87.00,2022,December,Thursday
1220,2022-06-29,11:16:00,47,Male,64,Beauty,1,500,240,500,11,Morning,Old,260.00,2022,June,Wednesday
1339,2022-11-10,10:34:00,132,Female,22,Electronics,2,25,8,50,10,Morning,Adult,42.00,2022,November,Thursday
1785,2022-02-20,11:17:00,144,Female,31,Beauty,4,50,17,200,11,Morning,Adult,183.00,2022,February,Sunday
1885,2022-11-09,7:32:00,148,Female,52,Clothing,4,30,11,120,7,Morning,Adult,109.00,2022,November,Wednesday
1888,2022-06-14,8:10:00,49,Female,52,Electronics,4,25,13,100,8,Morning,Adult,87.00,2022,June,Tuesday
621,2022-04-13,9:55:00,138,Female,40,Beauty,2,500,275,1000,9,Morning,Adult,725.00,2022,April,Wednesday
1621,2022-09-22,10:49:00,2,Female,40,Beauty,2,500,160,1000,10,Morning,Adult,840.00,2022,September,Thursday
52,2022-09-19,9:42:00,55,Female,36,Beauty,1,300,111,300,9,Morning,Adult,189.00,2022,September,Monday
536,2022-08-20,6:25:00,17,Female,55,Beauty,4,30,9,120,6,Morning,Adult,111.00,2022,August,Saturday
1052,2022-02-12,6:12:00,94,Female,36,Beauty,1,300,120,300,6,Morning,Adult,180.00,2022,February,Saturday
1536,2022-05-11,7:23:00,14,Female,55,Beauty,4,30,14,120,7,Morning,Adult,106.00,2022,May,Wednesday
197,2022-04-03,11:57:00,14,Female,42,Clothing,4,50,26,200,11,Morning,Adult,174.00,2022,April,Sunday
750,2022-11-13,7:33:00,69,Female,35,Clothing,3,25,9,75,7,Morning,Adult,66.00,2022,November,Sunday
910,2022-08-21,6:29:00,138,Female,20,Beauty,3,50,23,150,6,Morning,Adult,127.00,2022,August,Sunday
917,2022-02-15,11:50:00,120,Female,57,Electronics,4,50,17,200,11,Morning,Adult,183.00,2022,February,Tuesday
1197,2022-08-13,10:07:00,77,Female,42,Clothing,4,50,19,200,10,Morning,Adult,181.00,2022,August,Saturday
1750,2022-01-20,10:10:00,138,Female,35,Clothing,3,25,7,75,10,Morning,Adult,68.00,2022,January,Thursday
1910,2022-10-09,6:22:00,141,Female,20,Beauty,3,50,18,150,6,Morning,Adult,132.00,2022,October,Sunday
1917,2022-05-02,7:17:00,52,Female,57,Electronics,4,50,24,200,7,Morning,Adult,176.00,2022,May,Monday
198,2022-05-21,11:42:00,30,Female,54,Beauty,3,300,114,900,11,Morning,Adult,786.00,2022,May,Saturday
444,2022-10-06,7:06:00,51,Female,61,Clothing,3,30,16,90,7,Morning,Old,74.00,2022,October,Thursday
547,2022-11-14,7:36:00,3,Male,63,Clothing,4,500,250,2000,7,Morning,Old,1750.00,2022,November,Monday
705,2022-09-30,7:28:00,37,Male,60,Electronics,2,25,6,50,7,Morning,Old,44.00,2022,September,Friday
1198,2022-08-07,10:43:00,147,Female,54,Beauty,3,300,159,900,10,Morning,Adult,741.00,2022,August,Sunday
1444,2022-04-29,6:18:00,135,Female,61,Clothing,3,30,14,90,6,Morning,Old,76.00,2022,April,Friday
1547,2022-08-11,6:39:00,142,Male,63,Clothing,4,500,235,2000,6,Morning,Old,1765.00,2022,August,Thursday
1705,2022-08-14,8:32:00,94,Male,60,Electronics,2,25,9,50,8,Morning,Old,41.00,2022,August,Sunday
423,2022-07-18,6:06:00,41,Female,27,Clothing,1,25,12,25,6,Morning,Adult,13.00,2022,July,Monday
1423,2022-06-15,7:56:00,131,Female,27,Clothing,1,25,11,25,7,Morning,Adult,14.00,2022,June,Wednesday
248,2022-07-02,7:11:00,5,Male,26,Clothing,3,300,126,900,7,Morning,Adult,774.00,2022,July,Saturday
360,2022-09-09,9:04:00,26,Male,42,Clothing,4,25,11,100,9,Morning,Adult,89.00,2022,September,Friday
377,2022-09-13,8:30:00,141,Female,46,Clothing,4,50,18,200,8,Morning,Adult,182.00,2022,September,Tuesday
1248,2022-09-08,8:20:00,68,Male,26,Clothing,3,300,111,900,8,Morning,Adult,789.00,2022,September,Thursday
1360,2022-06-18,9:31:00,93,Male,42,Clothing,4,25,6,100,9,Morning,Adult,94.00,2022,June,Saturday
1377,2022-03-21,7:52:00,71,Female,46,Clothing,4,50,14,200,7,Morning,Adult,186.00,2022,March,Monday
397,2023-10-26,8:06:00,59,Female,30,Beauty,1,25,11,25,8,Morning,Adult,14.00,2023,October,Thursday
623,2023-11-15,10:00:00,39,Male,34,Clothing,3,50,26,150,10,Morning,Adult,124.00,2023,November,Wednesday
1397,2023-01-01,11:05:00,6,Female,30,Beauty,1,25,12,25,11,Morning,Adult,13.00,2023,January,Sunday
1623,2023-03-05,6:14:00,76,Male,34,Clothing,3,50,22,150,6,Morning,Adult,128.00,2023,March,Sunday
717,2023-11-30,8:15:00,8,Male,57,Clothing,1,500,190,500,8,Morning,Adult,310.00,2023,November,Thursday
1717,2023-01-12,9:40:00,21,Male,57,Clothing,1,500,175,500,9,Morning,Adult,325.00,2023,January,Thursday
130,2023-06-19,6:21:00,114,Female,57,Clothing,1,500,125,500,6,Morning,Adult,375.00,2023,June,Monday
658,2023-10-30,7:47:00,93,Male,59,Clothing,1,25,7,25,7,Morning,Adult,18.00,2023,October,Monday
1130,2023-02-20,9:03:00,28,Female,57,Clothing,1,500,180,500,9,Morning,Adult,320.00,2023,February,Monday
1658,2023-04-10,6:08:00,148,Male,59,Clothing,1,25,12,25,6,Morning,Adult,13.00,2023,April,Monday
7,2023-07-06,6:24:00,38,Male,46,Clothing,2,25,13,50,6,Morning,Adult,37.00,2023,July,Thursday
119,2023-09-01,9:11:00,127,Female,60,Clothing,3,50,28,150,9,Morning,Old,122.00,2023,September,Friday
278,2023-12-22,11:42:00,71,Female,37,Clothing,4,25,14,100,11,Morning,Adult,86.00,2023,December,Friday
1007,2023-06-09,10:09:00,15,Male,46,Clothing,2,25,12,50,10,Morning,Adult,38.00,2023,June,Friday
1119,2023-11-19,9:36:00,1,Female,60,Clothing,3,50,26,150,9,Morning,Old,124.00,2023,November,Sunday
1278,2023-07-19,6:19:00,28,Female,37,Clothing,4,25,7,100,6,Morning,Adult,93.00,2023,July,Wednesday
117,2023-08-04,11:38:00,8,Male,19,Electronics,2,500,230,1000,11,Morning,Adult,770.00,2023,August,Friday
1117,2023-09-11,7:48:00,144,Male,19,Electronics,2,500,210,1000,7,Morning,Adult,790.00,2023,September,Monday
442,2023-06-30,11:07:00,24,Female,60,Clothing,4,25,13,100,11,Morning,Old,87.00,2023,June,Friday
590,2023-05-04,11:52:00,151,Male,36,Clothing,3,300,135,900,11,Morning,Adult,765.00,2023,May,Thursday
607,2023-05-05,9:33:00,109,Male,54,Clothing,3,25,13,75,9,Morning,Adult,62.00,2023,May,Friday
1442,2023-02-16,11:02:00,96,Female,60,Clothing,4,25,11,100,11,Morning,Old,89.00,2023,February,Thursday
1590,2023-08-10,9:39:00,142,Male,36,Clothing,3,300,147,900,9,Morning,Adult,753.00,2023,August,Thursday
1607,2023-01-16,10:18:00,53,Male,54,Clothing,3,25,8,75,10,Morning,Adult,67.00,2023,January,Monday
436,2023-10-22,11:54:00,21,Female,57,Clothing,4,30,14,120,11,Morning,Adult,106.00,2023,October,Sunday
942,2023-12-01,9:22:00,35,Male,51,Clothing,3,500,160,1500,9,Morning,Adult,1340.00,2023,December,Friday
1436,2023-01-20,11:29:00,1,Female,57,Clothing,4,30,10,120,11,Morning,Adult,110.00,2023,January,Friday
1942,2023-09-16,11:53:00,112,Male,51,Clothing,3,500,265,1500,11,Morning,Adult,1235.00,2023,September,Saturday
659,2023-06-09,6:08:00,75,Female,39,Electronics,1,30,8,30,6,Morning,Adult,22.00,2023,June,Friday
941,2023-04-28,9:58:00,39,Female,57,Clothing,2,25,7,50,9,Morning,Adult,43.00,2023,April,Friday
1659,2023-07-27,9:29:00,22,Female,39,Electronics,1,30,9,30,9,Morning,Adult,21.00,2023,July,Thursday
1941,2023-01-06,6:14:00,48,Female,57,Clothing,2,25,12,50,6,Morning,Adult,38.00,2023,January,Friday
136,2023-12-26,8:59:00,25,Male,44,Electronics,2,300,141,600,8,Morning,Adult,459.00,2023,December,Tuesday
175,2023-01-25,10:02:00,23,Female,31,Electronics,4,25,13,100,10,Morning,Adult,87.00,2023,January,Wednesday
663,2023-08-16,6:32:00,133,Male,23,Clothing,4,300,87,1200,6,Morning,Adult,1113.00,2023,August,Wednesday
748,2023-03-01,9:35:00,132,Male,25,Clothing,3,50,24,150,9,Morning,Adult,126.00,2023,March,Wednesday
806,2023-01-22,8:08:00,14,Female,35,Beauty,3,300,165,900,8,Morning,Adult,735.00,2023,January,Sunday
1136,2023-07-02,8:41:00,93,Male,44,Electronics,2,300,81,600,8,Morning,Adult,519.00,2023,July,Sunday
1175,2023-06-02,6:38:00,103,Female,31,Electronics,4,25,12,100,6,Morning,Adult,88.00,2023,June,Friday
1663,2023-12-07,7:04:00,33,Male,23,Clothing,4,300,81,1200,7,Morning,Adult,1119.00,2023,December,Thursday
1748,2023-03-02,10:24:00,119,Male,25,Clothing,3,50,16,150,10,Morning,Adult,134.00,2023,March,Thursday
1806,2023-06-14,10:13:00,61,Female,35,Beauty,3,300,102,900,10,Morning,Adult,798.00,2023,June,Wednesday
38,2023-02-25,11:39:00,147,Male,38,Beauty,4,50,26,200,11,Morning,Adult,174.00,2023,February,Saturday
313,2023-12-16,10:03:00,11,Female,55,Beauty,3,500,140,1500,10,Morning,Adult,1360.00,2023,December,Saturday
402,2023-07-12,8:45:00,63,Female,41,Clothing,2,300,135,600,8,Morning,Adult,465.00,2023,July,Wednesday
459,2023-05-23,7:12:00,122,Male,28,Clothing,4,300,75,1200,7,Morning,Adult,1125.00,2023,May,Tuesday
1038,2023-12-30,9:09:00,11,Male,38,Beauty,4,50,21,200,9,Morning,Adult,179.00,2023,December,Saturday
1313,2023-06-04,9:22:00,10,Female,55,Beauty,3,500,170,1500,9,Morning,Adult,1330.00,2023,June,Sunday
1402,2023-06-24,6:47:00,110,Female,41,Clothing,2,300,156,600,6,Morning,Adult,444.00,2023,June,Saturday
1459,2023-11-10,6:46:00,13,Male,28,Clothing,4,300,144,1200,6,Morning,Adult,1056.00,2023,November,Friday
161,2023-07-01,6:58:00,104,Male,64,Beauty,2,500,195,1000,6,Morning,Old,805.00,2023,July,Saturday
328,2023-10-29,6:56:00,9,Male,39,Beauty,2,50,27,100,6,Morning,Adult,73.00,2023,October,Sunday
383,2023-03-24,8:53:00,64,Female,46,Beauty,3,30,8,90,8,Morning,Adult,82.00,2023,March,Friday
973,2023-09-03,8:44:00,51,Male,60,Clothing,1,50,13,50,8,Morning,Old,37.00,2023,September,Sunday
978,2023-07-27,9:58:00,16,Female,53,Clothing,3,50,19,150,9,Morning,Adult,131.00,2023,July,Thursday
1161,2023-06-29,11:06:00,30,Male,64,Beauty,2,500,160,1000,11,Morning,Old,840.00,2023,June,Thursday
1328,2023-12-10,7:49:00,60,Male,39,Beauty,2,50,25,100,7,Morning,Adult,75.00,2023,December,Sunday
1383,2023-09-06,9:13:00,68,Female,46,Beauty,3,30,14,90,9,Morning,Adult,76.00,2023,September,Wednesday
1973,2023-08-19,10:10:00,22,Male,60,Clothing,1,50,22,50,10,Morning,Old,28.00,2023,August,Saturday
1978,2023-08-31,11:59:00,41,Female,53,Clothing,3,50,16,150,11,Morning,Adult,134.00,2023,August,Thursday
33,2023-12-24,7:40:00,33,Female,50,Electronics,2,50,21,100,7,Morning,Adult,79.00,2023,December,Sunday
138,2023-04-27,10:56:00,127,Male,49,Clothing,4,50,27,200,10,Morning,Adult,173.00,2023,April,Thursday
471,2023-03-08,10:21:00,136,Male,32,Clothing,3,50,13,150,10,Morning,Adult,137.00,2023,March,Wednesday
636,2023-05-09,6:15:00,60,Female,21,Beauty,3,500,230,1500,6,Morning,Adult,1270.00,2023,May,Tuesday
1033,2023-04-12,6:52:00,32,Female,50,Electronics,2,50,19,100,6,Morning,Adult,81.00,2023,April,Wednesday
1138,2023-10-16,11:59:00,27,Male,49,Clothing,4,50,15,200,11,Morning,Adult,185.00,2023,October,Monday
1471,2023-06-25,10:34:00,30,Male,32,Clothing,3,50,13,150,10,Morning,Adult,137.00,2023,June,Sunday
1636,2023-07-22,11:26:00,50,Female,21,Beauty,3,500,150,1500,11,Morning,Adult,1350.00,2023,July,Saturday
177,2023-03-24,8:40:00,30,Male,45,Beauty,2,50,27,100,8,Morning,Adult,73.00,2023,March,Friday
426,2023-12-13,8:11:00,137,Male,23,Electronics,3,50,13,150,8,Morning,Adult,137.00,2023,December,Wednesday
1177,2023-02-20,9:19:00,89,Male,45,Beauty,2,50,15,100,9,Morning,Adult,85.00,2023,February,Monday
1426,2023-12-12,11:32:00,114,Male,23,Electronics,3,50,25,150,11,Morning,Adult,125.00,2023,December,Tuesday
76,2023-09-09,7:33:00,70,Female,22,Electronics,2,50,15,100,7,Morning,Adult,85.00,2023,September,Saturday
91,2023-04-14,6:31:00,152,Female,55,Electronics,1,500,235,500,6,Morning,Adult,265.00,2023,April,Friday
461,2023-07-18,10:33:00,21,Female,18,Beauty,2,500,265,1000,10,Morning,Adult,735.00,2023,July,Tuesday
764,2023-11-07,8:46:00,47,Female,40,Clothing,1,25,11,25,8,Morning,Adult,14.00,2023,November,Tuesday
1076,2023-07-14,11:09:00,99,Female,22,Electronics,2,50,15,100,11,Morning,Adult,85.00,2023,July,Friday
1091,2023-07-15,8:46:00,139,Female,55,Electronics,1,500,235,500,8,Morning,Adult,265.00,2023,July,Saturday
1461,2023-05-01,8:43:00,63,Female,18,Beauty,2,500,180,1000,8,Morning,Adult,820.00,2023,May,Monday
1764,2023-11-02,11:04:00,13,Female,40,Clothing,1,25,12,25,11,Morning,Adult,13.00,2023,November,Thursday
202,2023-01-25,6:24:00,61,Female,34,Clothing,4,300,120,1200,6,Morning,Adult,1080.00,2023,January,Wednesday
301,2023-07-30,10:58:00,104,Male,30,Clothing,4,30,10,120,10,Morning,Adult,110.00,2023,July,Sunday
703,2023-07-31,9:56:00,140,Male,34,Electronics,2,50,19,100,9,Morning,Adult,81.00,2023,July,Monday
1202,2023-11-13,6:56:00,89,Female,34,Clothing,4,300,144,1200,6,Morning,Adult,1056.00,2023,November,Monday
1301,2023-09-24,9:58:00,70,Male,30,Clothing,4,30,11,120,9,Morning,Adult,109.00,2023,September,Sunday
1703,2023-06-10,8:36:00,2,Male,34,Electronics,2,50,17,100,8,Morning,Adult,83.00,2023,June,Saturday
294,2023-10-09,9:24:00,89,Female,23,Clothing,3,30,15,90,9,Morning,Adult,75.00,2023,October,Monday
760,2023-06-26,7:59:00,14,Male,27,Beauty,1,500,125,500,7,Morning,Adult,375.00,2023,June,Monday
1294,2023-01-24,11:24:00,8,Female,23,Clothing,3,30,11,90,11,Morning,Adult,79.00,2023,January,Tuesday
1760,2023-08-23,7:26:00,44,Male,27,Beauty,1,500,230,500,7,Morning,Adult,270.00,2023,August,Wednesday
575,2023-12-12,10:29:00,14,Male,60,Clothing,2,50,23,100,10,Morning,Old,77.00,2023,December,Tuesday
1575,2023-07-28,11:54:00,26,Male,60,Clothing,2,50,23,100,11,Morning,Old,77.00,2023,July,Friday
88,2023-02-16,8:31:00,122,Male,56,Clothing,1,500,185,500,8,Morning,Adult,315.00,2023,February,Thursday
1088,2023-09-14,7:00:00,6,Male,56,Clothing,1,500,155,500,7,Morning,Adult,345.00,2023,September,Thursday
975,2023-01-09,7:41:00,145,Female,56,Clothing,4,50,20,200,7,Morning,Adult,180.00,2023,January,Monday
1975,2023-08-21,10:48:00,63,Female,56,Clothing,4,50,26,200,10,Morning,Adult,174.00,2023,August,Monday
553,2023-03-20,6:17:00,106,Male,24,Clothing,4,300,81,1200,6,Morning,Adult,1119.00,2023,March,Monday
1553,2023-01-29,8:46:00,42,Male,24,Clothing,4,300,99,1200,8,Morning,Adult,1101.00,2023,January,Sunday
462,2023-08-26,10:04:00,71,Male,63,Electronics,4,300,132,1200,10,Morning,Old,1068.00,2023,August,Saturday
614,2023-02-13,6:28:00,61,Female,39,Beauty,4,300,120,1200,6,Morning,Adult,1080.00,2023,February,Monday
808,2023-11-22,7:18:00,30,Male,33,Beauty,4,500,195,2000,7,Morning,Adult,1805.00,2023,November,Wednesday
1462,2023-11-13,10:42:00,124,Male,63,Electronics,4,300,114,1200,10,Morning,Old,1086.00,2023,November,Monday
1614,2023-08-23,11:37:00,135,Female,39,Beauty,4,300,105,1200,11,Morning,Adult,1095.00,2023,August,Wednesday
1808,2023-02-12,10:48:00,109,Male,33,Beauty,4,500,210,2000,10,Morning,Adult,1790.00,2023,February,Sunday
166,2023-01-28,11:42:00,32,Male,34,Clothing,4,500,225,2000,11,Morning,Adult,1775.00,2023,January,Saturday
465,2023-02-22,11:52:00,40,Female,43,Electronics,3,50,16,150,11,Morning,Adult,134.00,2023,February,Wednesday
502,2023-07-22,11:00:00,31,Male,43,Electronics,3,50,23,150,11,Morning,Adult,127.00,2023,July,Saturday
905,2023-10-01,6:27:00,96,Male,58,Beauty,1,300,111,300,6,Morning,Adult,189.00,2023,October,Sunday
1166,2023-07-19,7:45:00,65,Male,34,Clothing,4,500,245,2000,7,Morning,Adult,1755.00,2023,July,Wednesday
1465,2023-04-17,9:36:00,131,Female,43,Electronics,3,50,26,150,9,Morning,Adult,124.00,2023,April,Monday
1502,2023-04-08,8:30:00,152,Male,43,Electronics,3,50,18,150,8,Morning,Adult,132.00,2023,April,Saturday
1905,2023-08-29,6:07:00,26,Male,58,Beauty,1,300,102,300,6,Morning,Adult,198.00,2023,August,Tuesday
280,2023-11-17,9:35:00,76,Female,37,Clothing,3,500,240,1500,9,Morning,Adult,1260.00,2023,November,Friday
719,2023-07-02,7:19:00,37,Female,42,Clothing,2,30,12,60,7,Morning,Adult,48.00,2023,July,Sunday
834,2023-11-26,6:55:00,13,Female,56,Beauty,2,30,15,60,6,Morning,Adult,45.00,2023,November,Sunday
1280,2023-08-24,9:15:00,116,Female,37,Clothing,3,500,255,1500,9,Morning,Adult,1245.00,2023,August,Thursday
1719,2023-12-28,7:29:00,4,Female,42,Clothing,2,30,11,60,7,Morning,Adult,49.00,2023,December,Thursday
1834,2023-04-14,6:53:00,102,Female,56,Beauty,2,30,13,60,6,Morning,Adult,47.00,2023,April,Friday
891,2023-01-09,6:43:00,24,Male,41,Electronics,3,300,99,900,6,Morning,Adult,801.00,2023,January,Monday
928,2023-11-05,10:20:00,54,Female,35,Clothing,4,300,90,1200,10,Morning,Adult,1110.00,2023,November,Sunday
1891,2023-12-22,6:11:00,81,Male,41,Electronics,3,300,105,900,6,Morning,Adult,795.00,2023,December,Friday
1928,2023-07-29,6:39:00,93,Female,35,Clothing,4,300,75,1200,6,Morning,Adult,1125.00,2023,July,Saturday
332,2023-04-24,11:28:00,138,Male,58,Electronics,4,300,105,1200,11,Morning,Adult,1095.00,2023,April,Monday
1332,2023-12-04,10:02:00,146,Male,58,Electronics,4,300,123,1200,10,Morning,Adult,1077.00,2023,December,Monday
255,2023-10-15,11:44:00,19,Male,48,Clothing,1,30,15,30,11,Morning,Adult,15.00,2023,October,Sunday
275,2023-03-05,11:34:00,2,Male,43,Clothing,2,500,260,1000,11,Morning,Adult,740.00,2023,March,Sunday
314,2023-10-15,7:37:00,1,Male,52,Clothing,4,30,8,120,7,Morning,Adult,112.00,2023,October,Sunday
517,2023-08-20,8:54:00,3,Female,47,Clothing,4,25,9,100,8,Morning,Adult,91.00,2023,August,Sunday
847,2023-01-10,8:42:00,2,Female,18,Electronics,4,300,162,1200,8,Morning,Adult,1038.00,2023,January,Tuesday
1255,2023-01-20,7:08:00,4,Male,48,Clothing,1,30,8,30,7,Morning,Adult,22.00,2023,January,Friday
1275,2023-03-02,8:48:00,5,Male,43,Clothing,2,500,250,1000,8,Morning,Adult,750.00,2023,March,Thursday
1314,2023-05-23,10:26:00,2,Male,52,Clothing,4,30,16,120,10,Morning,Adult,104.00,2023,May,Tuesday
1517,2023-02-21,8:46:00,2,Female,47,Clothing,4,25,7,100,8,Morning,Adult,93.00,2023,February,Tuesday
1847,2023-07-28,7:14:00,5,Female,18,Electronics,4,300,123,1200,7,Morning,Adult,1077.00,2023,July,Friday
61,2023-07-07,11:47:00,4,Male,21,Beauty,4,50,20,200,11,Morning,Adult,180.00,2023,July,Friday
274,2023-04-14,7:12:00,4,Female,23,Clothing,2,500,150,1000,7,Morning,Adult,850.00,2023,April,Friday
486,2023-12-02,9:47:00,4,Female,35,Electronics,1,25,7,25,9,Morning,Adult,18.00,2023,December,Saturday
548,2023-04-14,7:00:00,4,Female,51,Clothing,2,30,16,60,7,Morning,Adult,44.00,2023,April,Friday
886,2023-12-11,11:25:00,4,Male,37,Electronics,3,300,165,900,11,Morning,Adult,735.00,2023,December,Monday
892,2023-09-13,11:39:00,1,Male,20,Electronics,1,50,24,50,11,Morning,Adult,26.00,2023,September,Wednesday
1061,2023-09-18,7:56:00,3,Male,21,Beauty,4,50,13,200,7,Morning,Adult,187.00,2023,September,Monday
1274,2023-10-06,9:01:00,2,Female,23,Clothing,2,500,185,1000,9,Morning,Adult,815.00,2023,October,Friday
1486,2023-11-22,8:58:00,4,Female,35,Electronics,1,25,9,25,8,Morning,Adult,16.00,2023,November,Wednesday
1548,2023-01-13,8:15:00,1,Female,51,Clothing,2,30,13,60,8,Morning,Adult,47.00,2023,January,Friday
1886,2023-07-26,11:51:00,1,Male,37,Electronics,3,300,147,900,11,Morning,Adult,753.00,2023,July,Wednesday
1892,2023-10-01,7:22:00,3,Male,20,Electronics,1,50,24,50,7,Morning,Adult,26.00,2023,October,Sunday
601,2023-06-05,9:23:00,5,Male,19,Clothing,1,30,13,30,9,Morning,Adult,17.00,2023,June,Monday
901,2023-08-02,6:38:00,2,Male,31,Electronics,1,30,12,30,6,Morning,Adult,18.00,2023,August,Wednesday
1601,2023-09-14,11:48:00,1,Male,19,Clothing,1,30,14,30,11,Morning,Adult,16.00,2023,September,Thursday
1901,2023-11-29,11:05:00,4,Male,31,Electronics,1,30,8,30,11,Morning,Adult,22.00,2023,November,Wednesday
527,2023-04-21,11:35:00,1,Male,57,Clothing,2,25,12,50,11,Morning,Adult,38.00,2023,April,Friday
1527,2023-09-29,8:30:00,1,Male,57,Clothing,2,25,12,50,8,Morning,Adult,38.00,2023,September,Friday
23,2023-09-28,7:05:00,4,Female,35,Clothing,4,30,15,120,7,Morning,Adult,105.00,2023,September,Thursday
174,2023-11-15,6:07:00,2,Female,39,Beauty,1,300,126,300,6,Morning,Adult,174.00,2023,November,Wednesday
589,2023-07-08,7:11:00,5,Female,36,Beauty,2,500,145,1000,7,Morning,Adult,855.00,2023,July,Saturday
774,2023-11-06,9:04:00,2,Female,40,Clothing,2,25,7,50,9,Morning,Adult,43.00,2023,November,Monday
1000,2023-04-01,10:22:00,1,Male,47,Electronics,4,30,8,120,10,Morning,Adult,112.00,2023,April,Saturday
1023,2023-05-23,8:40:00,5,Female,35,Clothing,4,30,8,120,8,Morning,Adult,112.00,2023,May,Tuesday
1174,2023-05-17,6:55:00,2,Female,39,Beauty,1,300,132,300,6,Morning,Adult,168.00,2023,May,Wednesday
1589,2023-07-01,6:30:00,5,Female,36,Beauty,2,500,145,1000,6,Morning,Adult,855.00,2023,July,Saturday
1774,2023-03-09,6:48:00,2,Female,40,Clothing,2,25,8,50,6,Morning,Adult,42.00,2023,March,Thursday
2000,2023-03-31,6:38:00,4,Male,47,Electronics,4,30,11,120,6,Morning,Adult,109.00,2023,March,Friday
210,2023-10-07,8:50:00,2,Male,37,Electronics,4,50,19,200,8,Morning,Adult,181.00,2023,October,Saturday
478,2023-07-24,11:13:00,3,Female,58,Clothing,2,30,8,60,11,Morning,Adult,52.00,2023,July,Monday
745,2023-08-14,7:30:00,3,Male,54,Beauty,2,50,17,100,7,Morning,Adult,83.00,2023,August,Monday
1210,2023-03-10,10:02:00,5,Male,37,Electronics,4,50,13,200,10,Morning,Adult,187.00,2023,March,Friday
1478,2023-08-31,9:18:00,1,Female,58,Clothing,2,30,14,60,9,Morning,Adult,46.00,2023,August,Thursday
1745,2023-09-28,10:38:00,4,Male,54,Beauty,2,50,21,100,10,Morning,Adult,79.00,2023,September,Thursday
354,2023-12-16,7:58:00,5,Female,49,Beauty,4,50,25,200,7,Morning,Adult,175.00,2023,December,Saturday
408,2023-12-22,8:18:00,4,Female,64,Beauty,1,500,140,500,8,Morning,Old,360.00,2023,December,Friday
1354,2023-09-17,9:34:00,5,Female,49,Beauty,4,50,27,200,9,Morning,Adult,173.00,2023,September,Sunday
1408,2023-08-28,8:17:00,2,Female,64,Beauty,1,500,250,500,8,Morning,Old,250.00,2023,August,Monday
674,2023-03-30,11:10:00,2,Female,38,Clothing,1,300,84,300,11,Morning,Adult,216.00,2023,March,Thursday
1674,2023-11-22,9:21:00,1,Female,38,Clothing,1,300,123,300,9,Morning,Adult,177.00,2023,November,Wednesday
967,2023-08-04,10:13:00,4,Male,62,Beauty,1,25,13,25,10,Morning,Old,12.00,2023,August,Friday
1967,2023-02-23,8:28:00,4,Male,62,Beauty,1,25,12,25,8,Morning,Old,13.00,2023,February,Thursday
79,2023-04-13,10:15:00,1,Male,34,Beauty,1,300,96,300,10,Morning,Adult,204.00,2023,April,Thursday
406,2023-04-01,11:50:00,3,Female,22,Beauty,4,25,11,100,11,Morning,Adult,89.00,2023,April,Saturday
450,2023-12-01,6:35:00,2,Female,59,Beauty,2,25,11,50,6,Morning,Adult,39.00,2023,December,Friday
562,2023-11-09,9:26:00,3,Male,54,Electronics,2,25,7,50,9,Morning,Adult,43.00,2023,November,Thursday
1079,2023-08-21,6:45:00,1,Male,34,Beauty,1,300,117,300,6,Morning,Adult,183.00,2023,August,Monday
1406,2023-06-22,8:45:00,2,Female,22,Beauty,4,25,10,100,8,Morning,Adult,90.00,2023,June,Thursday
1450,2023-07-16,8:52:00,1,Female,59,Beauty,2,25,10,50,8,Morning,Adult,40.00,2023,July,Sunday
1562,2023-11-26,10:21:00,5,Male,54,Electronics,2,25,13,50,10,Morning,Adult,37.00,2023,November,Sunday
108,2023-01-24,9:38:00,5,Female,27,Beauty,3,25,14,75,9,Morning,Adult,61.00,2023,January,Tuesday
111,2023-04-15,9:45:00,5,Female,34,Electronics,3,500,130,1500,9,Morning,Adult,1370.00,2023,April,Saturday
207,2023-08-06,8:34:00,3,Female,42,Beauty,2,25,10,50,8,Morning,Adult,40.00,2023,August,Sunday
724,2023-06-14,6:56:00,3,Male,61,Clothing,3,50,20,150,6,Morning,Old,130.00,2023,June,Wednesday
836,2023-06-21,6:32:00,2,Female,22,Clothing,1,50,28,50,6,Morning,Adult,22.00,2023,June,Wednesday
969,2023-11-27,11:47:00,2,Female,40,Clothing,3,300,84,900,11,Morning,Adult,816.00,2023,November,Monday
1108,2023-07-08,10:27:00,1,Female,27,Beauty,3,25,10,75,10,Morning,Adult,65.00,2023,July,Saturday
1111,2023-04-30,21:34:00,2,Female,34,Electronics,3,500,185,1500,21,Night,Adult,1315.00,2023,April,Sunday
1207,2023-06-30,21:48:00,3,Female,42,Beauty,2,25,10,50,21,Night,Adult,40.00,2023,June,Friday
1724,2023-09-15,20:53:00,4,Male,61,Clothing,3,50,17,150,20,Night,Old,133.00,2023,September,Friday
1836,2023-02-13,17:19:00,3,Female,22,Clothing,1,50,24,50,17,Afternoon,Adult,26.00,2023,February,Monday
1969,2023-03-05,19:34:00,4,Female,40,Clothing,3,300,126,900,19,Night,Adult,774.00,2023,March,Sunday
246,2023-12-07,20:05:00,4,Female,48,Electronics,2,25,13,50,20,Night,Adult,37.00,2023,December,Thursday
298,2023-10-05,19:05:00,3,Male,27,Beauty,4,300,84,1200,19,Night,Adult,1116.00,2023,October,Thursday
374,2023-10-27,17:45:00,4,Female,59,Beauty,3,25,8,75,17,Afternoon,Adult,67.00,2023,October,Friday
572,2023-12-13,18:33:00,5,Male,31,Clothing,4,500,185,2000,18,Afternoon,Adult,1815.00,2023,December,Wednesday
665,2023-10-03,22:49:00,1,Male,57,Clothing,1,50,19,50,22,Night,Adult,31.00,2023,October,Tuesday
1246,2023-04-26,22:54:00,3,Female,48,Electronics,2,25,12,50,22,Night,Adult,38.00,2023,April,Wednesday
1298,2023-05-02,19:51:00,1,Male,27,Beauty,4,300,120,1200,19,Night,Adult,1080.00,2023,May,Tuesday
1374,2023-03-23,22:03:00,3,Female,59,Beauty,3,25,8,75,22,Night,Adult,67.00,2023,March,Thursday
1572,2023-06-18,22:20:00,1,Male,31,Clothing,4,500,175,2000,22,Night,Adult,1825.00,2023,June,Sunday
1665,2023-11-01,19:38:00,4,Male,57,Clothing,1,50,14,50,19,Night,Adult,36.00,2023,November,Wednesday
39,2023-07-11,22:44:00,5,Male,23,Clothing,4,30,9,120,22,Night,Adult,111.00,2023,July,Tuesday
893,2023-04-29,18:52:00,1,Male,49,Electronics,1,50,17,50,18,Afternoon,Adult,33.00,2023,April,Saturday
1039,2023-12-03,20:01:00,1,Male,23,Clothing,4,30,14,120,20,Night,Adult,106.00,2023,December,Sunday
1893,2023-02-25,17:04:00,3,Male,49,Electronics,1,50,23,50,17,Afternoon,Adult,27.00,2023,February,Saturday
17,2023-02-25,21:08:00,3,Female,27,Clothing,4,25,13,100,21,Night,Adult,87.00,2023,February,Saturday
316,2023-02-01,17:25:00,3,Female,48,Clothing,2,25,14,50,17,Afternoon,Adult,36.00,2023,February,Wednesday
755,2023-11-27,20:07:00,1,Female,58,Clothing,3,25,7,75,20,Night,Adult,68.00,2023,November,Monday
1017,2023-09-05,18:41:00,2,Female,27,Clothing,4,25,12,100,18,Afternoon,Adult,88.00,2023,September,Tuesday
1316,2023-07-21,17:11:00,1,Female,48,Clothing,2,25,12,50,17,Afternoon,Adult,38.00,2023,July,Friday
1755,2023-05-23,21:47:00,2,Female,58,Clothing,3,25,8,75,21,Night,Adult,67.00,2023,May,Tuesday
28,2023-12-11,22:34:00,3,Female,43,Beauty,1,500,150,500,22,Night,Adult,350.00,2023,December,Monday
98,2023-04-09,19:41:00,1,Female,55,Beauty,2,50,20,100,19,Night,Adult,80.00,2023,April,Sunday
129,2023-04-17,17:42:00,1,Female,21,Beauty,2,300,75,600,17,Afternoon,Adult,525.00,2023,April,Monday
230,2023-03-26,17:44:00,5,Male,54,Beauty,1,25,13,25,17,Afternoon,Adult,12.00,2023,March,Sunday
613,2023-05-08,17:23:00,2,Female,52,Clothing,3,30,11,90,17,Afternoon,Adult,79.00,2023,May,Monday
691,2023-05-12,21:09:00,5,Female,51,Clothing,3,30,15,90,21,Night,Adult,75.00,2023,May,Friday
693,2023-06-08,17:12:00,1,Male,41,Beauty,3,500,270,1500,17,Afternoon,Adult,1230.00,2023,June,Thursday
1028,2023-03-09,18:09:00,1,Female,43,Beauty,1,500,250,500,18,Afternoon,Adult,250.00,2023,March,Thursday
1098,2023-07-06,22:34:00,3,Female,55,Beauty,2,50,20,100,22,Night,Adult,80.00,2023,July,Thursday
1129,2023-09-08,21:46:00,1,Female,21,Beauty,2,300,156,600,21,Night,Adult,444.00,2023,September,Friday
1230,2023-12-04,21:24:00,1,Male,54,Beauty,1,25,13,25,21,Night,Adult,12.00,2023,December,Monday
1613,2023-12-14,21:58:00,4,Female,52,Clothing,3,30,10,90,21,Night,Adult,80.00,2023,December,Thursday
1691,2023-01-07,20:01:00,1,Female,51,Clothing,3,30,14,90,20,Night,Adult,76.00,2023,January,Saturday
1693,2023-02-20,18:21:00,1,Male,41,Beauty,3,500,130,1500,18,Afternoon,Adult,1370.00,2023,February,Monday
477,2023-12-03,17:24:00,3,Male,43,Clothing,4,30,16,120,17,Afternoon,Adult,104.00,2023,December,Sunday
863,2023-11-12,22:40:00,4,Female,30,Electronics,2,25,11,50,22,Night,Adult,39.00,2023,November,Sunday
1477,2023-01-08,21:59:00,3,Male,43,Clothing,4,30,16,120,21,Night,Adult,104.00,2023,January,Sunday
1863,2023-05-26,22:33:00,4,Female,30,Electronics,2,25,10,50,22,Night,Adult,40.00,2023,May,Friday
6,2023-11-15,22:16:00,2,Female,45,Beauty,1,30,15,30,22,Night,Adult,15.00,2023,November,Wednesday
483,2023-02-06,17:25:00,2,Male,55,Clothing,1,30,8,30,17,Afternoon,Adult,22.00,2023,February,Monday
738,2023-02-05,18:24:00,5,Male,41,Clothing,2,50,26,100,18,Afternoon,Adult,74.00,2023,February,Sunday
1006,2023-10-29,19:23:00,2,Female,45,Beauty,1,30,14,30,19,Night,Adult,16.00,2023,October,Sunday
1483,2023-03-05,19:53:00,1,Male,55,Clothing,1,30,9,30,19,Night,Adult,21.00,2023,March,Sunday
1738,2023-11-12,21:33:00,1,Male,41,Clothing,2,50,16,100,21,Night,Adult,84.00,2023,November,Sunday
222,2023-01-07,18:56:00,4,Male,51,Clothing,4,30,11,120,18,Afternoon,Adult,109.00,2023,January,Saturday
588,2023-10-18,17:54:00,5,Male,38,Electronics,2,30,14,60,17,Afternoon,Adult,46.00,2023,October,Wednesday
953,2023-07-02,17:58:00,1,Male,45,Beauty,3,30,13,90,17,Afternoon,Adult,77.00,2023,July,Sunday
1222,2023-09-17,18:15:00,3,Male,51,Clothing,4,30,11,120,18,Afternoon,Adult,109.00,2023,September,Sunday
1588,2023-06-25,21:29:00,4,Male,38,Electronics,2,30,13,60,21,Night,Adult,47.00,2023,June,Sunday
1953,2023-05-15,17:34:00,3,Male,45,Beauty,3,30,10,90,17,Afternoon,Adult,80.00,2023,May,Monday
66,2023-06-18,22:49:00,3,Female,45,Electronics,1,30,9,30,22,Night,Adult,21.00,2023,June,Sunday
482,2023-08-12,18:57:00,3,Female,28,Clothing,4,300,141,1200,18,Afternoon,Adult,1059.00,2023,August,Saturday
903,2023-07-27,22:14:00,3,Female,51,Beauty,4,50,14,200,22,Night,Adult,186.00,2023,July,Thursday
1066,2023-10-06,18:11:00,4,Female,45,Electronics,1,30,8,30,18,Afternoon,Adult,22.00,2023,October,Friday
1482,2023-02-10,22:22:00,1,Female,28,Clothing,4,300,114,1200,22,Night,Adult,1086.00,2023,February,Friday
1903,2023-07-27,21:44:00,5,Female,51,Beauty,4,50,19,200,21,Night,Adult,181.00,2023,July,Thursday
102,2023-04-17,21:34:00,5,Female,47,Beauty,2,25,7,50,21,Night,Adult,43.00,2023,April,Monday
228,2023-04-03,20:26:00,4,Female,59,Electronics,2,30,11,60,20,Night,Adult,49.00,2023,April,Monday
236,2023-04-01,22:18:00,5,Female,54,Clothing,1,25,7,25,22,Night,Adult,18.00,2023,April,Saturday
1102,2023-08-21,18:04:00,5,Female,47,Beauty,2,25,7,50,18,Afternoon,Adult,43.00,2023,August,Monday
1228,2023-06-24,21:37:00,5,Female,59,Electronics,2,30,11,60,21,Night,Adult,49.00,2023,June,Saturday
1236,2023-08-09,18:19:00,4,Female,54,Clothing,1,25,9,25,18,Afternoon,Adult,16.00,2023,August,Wednesday
660,2023-07-29,18:46:00,2,Female,38,Beauty,2,500,270,1000,18,Afternoon,Adult,730.00,2023,July,Saturday
884,2023-02-18,20:31:00,1,Female,26,Clothing,2,30,8,60,20,Night,Adult,52.00,2023,February,Saturday
987,2023-11-08,18:45:00,1,Female,30,Clothing,3,300,165,900,18,Afternoon,Adult,735.00,2023,November,Wednesday
1660,2023-09-23,20:27:00,2,Female,38,Beauty,2,500,160,1000,20,Night,Adult,840.00,2023,September,Saturday
1884,2023-07-09,21:45:00,2,Female,26,Clothing,2,30,11,60,21,Night,Adult,49.00,2023,July,Sunday
1987,2023-05-26,18:18:00,2,Female,30,Clothing,3,300,129,900,18,Afternoon,Adult,771.00,2023,May,Friday
18,2023-09-06,19:13:00,5,Female,47,Electronics,2,25,13,50,19,Night,Adult,37.00,2023,September,Wednesday
69,2023-11-14,22:44:00,1,Female,56,Beauty,3,25,9,75,22,Night,Adult,66.00,2023,November,Tuesday
995,2023-03-04,22:38:00,4,Female,41,Clothing,1,30,10,30,22,Night,Adult,20.00,2023,March,Saturday
1018,2023-07-06,19:13:00,4,Female,47,Electronics,2,25,13,50,19,Night,Adult,37.00,2023,July,Thursday
1069,2023-10-13,19:05:00,2,Female,56,Beauty,3,25,7,75,19,Night,Adult,68.00,2023,October,Friday
1995,2023-12-10,22:18:00,5,Female,41,Clothing,1,30,15,30,22,Night,Adult,15.00,2023,December,Sunday
337,2023-08-22,17:56:00,1,Male,38,Clothing,1,500,275,500,17,Afternoon,Adult,225.00,2023,August,Tuesday
585,2023-06-06,21:49:00,3,Female,24,Clothing,1,25,14,25,21,Night,Adult,11.00,2023,June,Tuesday
652,2023-10-31,17:05:00,4,Female,34,Beauty,2,50,21,100,17,Afternoon,Adult,79.00,2023,October,Tuesday
1337,2023-07-21,19:56:00,2,Male,38,Clothing,1,500,225,500,19,Night,Adult,275.00,2023,July,Friday
1585,2023-10-05,20:00:00,2,Female,24,Clothing,1,25,7,25,20,Night,Adult,18.00,2023,October,Thursday
1652,2023-11-16,20:00:00,2,Female,34,Beauty,2,50,21,100,20,Night,Adult,79.00,2023,November,Thursday
242,2023-10-01,18:28:00,1,Male,21,Clothing,1,25,8,25,18,Afternoon,Adult,17.00,2023,October,Sunday
293,2023-05-27,19:04:00,4,Male,50,Electronics,3,30,10,90,19,Night,Adult,80.00,2023,May,Saturday
460,2023-05-01,23:00:00,2,Male,40,Beauty,1,50,19,50,23,Night,Adult,31.00,2023,May,Monday
1242,2023-11-27,18:32:00,5,Male,21,Clothing,1,25,11,25,18,Afternoon,Adult,14.00,2023,November,Monday
1293,2023-07-01,18:52:00,3,Male,50,Electronics,3,30,14,90,18,Afternoon,Adult,76.00,2023,July,Saturday
1460,2023-01-25,19:42:00,4,Male,40,Beauty,1,50,22,50,19,Night,Adult,28.00,2023,January,Wednesday
188,2023-08-31,18:50:00,3,Male,40,Clothing,3,25,9,75,18,Afternoon,Adult,66.00,2023,August,Thursday
357,2023-05-18,18:57:00,4,Female,40,Electronics,3,25,8,75,18,Afternoon,Adult,67.00,2023,May,Thursday
646,2023-05-26,21:02:00,3,Male,38,Clothing,3,30,14,90,21,Night,Adult,76.00,2023,May,Friday
749,2023-07-26,20:33:00,2,Male,42,Beauty,1,30,8,30,20,Night,Adult,22.00,2023,July,Wednesday
974,2023-12-28,18:39:00,3,Male,47,Beauty,1,30,12,30,18,Afternoon,Adult,18.00,2023,December,Thursday
1188,2023-06-04,22:43:00,2,Male,40,Clothing,3,25,11,75,22,Night,Adult,64.00,2023,June,Sunday
1357,2023-03-20,19:14:00,3,Female,40,Electronics,3,25,12,75,19,Night,Adult,63.00,2023,March,Monday
1646,2023-01-18,19:43:00,1,Male,38,Clothing,3,30,16,90,19,Night,Adult,74.00,2023,January,Wednesday
1749,2023-05-07,19:55:00,2,Male,42,Beauty,1,30,9,30,19,Night,Adult,21.00,2023,May,Sunday
1974,2023-02-19,20:20:00,3,Male,47,Beauty,1,30,13,30,20,Night,Adult,17.00,2023,February,Sunday
190,2023-01-25,17:56:00,2,Female,60,Beauty,3,30,11,90,17,Afternoon,Old,79.00,2023,January,Wednesday
849,2023-06-25,19:33:00,5,Male,32,Clothing,2,25,13,50,19,Night,Adult,37.00,2023,June,Sunday
853,2023-05-14,22:29:00,3,Male,21,Beauty,2,500,155,1000,22,Night,Adult,845.00,2023,May,Sunday
1190,2023-09-29,21:00:00,4,Female,60,Beauty,3,30,11,90,21,Night,Old,79.00,2023,September,Friday
1849,2023-07-21,22:42:00,1,Male,32,Clothing,2,25,12,50,22,Night,Adult,38.00,2023,July,Friday
1853,2023-05-29,18:39:00,2,Male,21,Beauty,2,500,190,1000,18,Afternoon,Adult,810.00,2023,May,Monday
252,2023-05-05,17:37:00,1,Male,54,Electronics,1,300,84,300,17,Afternoon,Adult,216.00,2023,May,Friday
606,2023-06-13,20:19:00,2,Male,22,Electronics,1,50,20,50,20,Night,Adult,30.00,2023,June,Tuesday
779,2023-05-15,19:19:00,3,Female,56,Electronics,2,500,155,1000,19,Night,Adult,845.00,2023,May,Monday
824,2023-02-25,19:10:00,3,Male,63,Clothing,4,30,9,120,19,Night,Old,111.00,2023,February,Saturday
866,2023-07-06,18:16:00,4,Male,24,Electronics,1,50,23,50,18,Afternoon,Adult,27.00,2023,July,Thursday
1252,2023-12-30,20:18:00,5,Male,54,Electronics,1,300,117,300,20,Night,Adult,183.00,2023,December,Saturday
1606,2023-10-19,19:52:00,2,Male,22,Electronics,1,50,27,50,19,Night,Adult,23.00,2023,October,Thursday
1779,2023-01-02,19:45:00,3,Female,56,Electronics,2,500,190,1000,19,Night,Adult,810.00,2023,January,Monday
1824,2023-01-24,20:19:00,4,Male,63,Clothing,4,30,13,120,20,Night,Old,107.00,2023,January,Tuesday
1866,2023-08-17,22:38:00,5,Male,24,Electronics,1,50,20,50,22,Night,Adult,30.00,2023,August,Thursday
5,2023-09-05,22:10:00,3,Male,30,Beauty,2,50,24,100,22,Night,Adult,76.00,2023,September,Tuesday
90,2023-09-10,17:53:00,3,Female,51,Electronics,1,30,14,30,17,Afternoon,Adult,16.00,2023,September,Sunday
380,2023-08-30,22:26:00,2,Male,56,Electronics,2,300,102,600,22,Night,Adult,498.00,2023,August,Wednesday
593,2023-01-18,22:05:00,2,Male,35,Electronics,2,30,13,60,22,Night,Adult,47.00,2023,January,Wednesday
820,2023-02-17,22:49:00,1,Male,49,Electronics,4,50,24,200,22,Night,Adult,176.00,2023,February,Friday
1005,2023-08-12,20:38:00,2,Male,30,Beauty,2,50,18,100,20,Night,Adult,82.00,2023,August,Saturday
1090,2023-02-18,19:54:00,4,Female,51,Electronics,1,30,8,30,19,Night,Adult,22.00,2023,February,Saturday
1380,2023-02-09,19:45:00,3,Male,56,Electronics,2,300,159,600,19,Night,Adult,441.00,2023,February,Thursday
1593,2023-02-24,22:39:00,5,Male,35,Electronics,2,30,14,60,22,Night,Adult,46.00,2023,February,Friday
1820,2023-05-13,21:31:00,1,Male,49,Electronics,4,50,22,200,21,Night,Adult,178.00,2023,May,Saturday
120,2023-03-31,19:35:00,4,Male,60,Beauty,1,50,13,50,19,Night,Old,37.00,2023,March,Friday
221,2023-11-27,21:01:00,3,Male,39,Beauty,2,300,111,600,21,Night,Adult,489.00,2023,November,Monday
341,2023-01-20,17:06:00,5,Male,31,Clothing,4,50,19,200,17,Afternoon,Adult,181.00,2023,January,Friday
640,2023-12-25,20:05:00,3,Female,51,Electronics,4,30,13,120,20,Night,Adult,107.00,2023,December,Monday
744,2023-05-23,18:02:00,1,Male,40,Electronics,1,25,7,25,18,Afternoon,Adult,18.00,2023,May,Tuesday
1120,2023-03-02,19:32:00,4,Male,60,Beauty,1,50,27,50,19,Night,Old,23.00,2023,March,Thursday
1221,2023-09-14,22:57:00,5,Male,39,Beauty,2,300,114,600,22,Night,Adult,486.00,2023,September,Thursday
1341,2023-01-30,22:10:00,1,Male,31,Clothing,4,50,21,200,22,Night,Adult,179.00,2023,January,Monday
1640,2023-06-10,19:44:00,5,Female,51,Electronics,4,30,14,120,19,Night,Adult,106.00,2023,June,Saturday
1744,2023-07-07,21:49:00,4,Male,40,Electronics,1,25,9,25,21,Night,Adult,16.00,2023,July,Friday
273,2023-09-26,20:24:00,1,Female,22,Beauty,1,50,15,50,20,Night,Adult,35.00,2023,September,Tuesday
283,2023-06-01,20:08:00,3,Female,18,Electronics,1,500,165,500,20,Night,Adult,335.00,2023,June,Thursday
452,2023-01-30,22:41:00,4,Female,48,Clothing,3,500,240,1500,22,Night,Adult,1260.00,2023,January,Monday
469,2023-03-21,19:24:00,4,Male,18,Beauty,3,25,9,75,19,Night,Adult,66.00,2023,March,Tuesday
620,2023-11-06,20:59:00,4,Male,63,Electronics,3,25,7,75,20,Night,Old,68.00,2023,November,Monday
946,2023-08-08,20:15:00,2,Male,62,Electronics,4,500,235,2000,20,Night,Old,1765.00,2023,August,Tuesday
1273,2023-06-20,20:39:00,1,Female,22,Beauty,1,50,26,50,20,Night,Adult,24.00,2023,June,Tuesday
1283,2023-10-14,20:15:00,1,Female,18,Electronics,1,500,130,500,20,Night,Adult,370.00,2023,October,Saturday
1452,2023-08-06,17:41:00,3,Female,48,Clothing,3,500,185,1500,17,Afternoon,Adult,1315.00,2023,August,Sunday
1469,2023-12-08,17:22:00,3,Male,18,Beauty,3,25,13,75,17,Afternoon,Adult,62.00,2023,December,Friday
1620,2023-02-03,22:48:00,5,Male,63,Electronics,3,25,8,75,22,Night,Old,67.00,2023,February,Friday
1946,2023-07-27,20:48:00,5,Male,62,Electronics,4,500,165,2000,20,Night,Old,1835.00,2023,July,Thursday
148,2023-07-03,20:39:00,5,Male,18,Clothing,2,30,10,60,20,Night,Adult,50.00,2023,July,Monday
414,2023-05-10,19:40:00,1,Male,48,Beauty,4,25,10,100,19,Night,Adult,90.00,2023,May,Wednesday
883,2023-08-20,20:43:00,5,Male,40,Electronics,1,500,245,500,20,Night,Adult,255.00,2023,August,Sunday
1148,2023-08-11,22:04:00,2,Male,18,Clothing,2,30,11,60,22,Night,Adult,49.00,2023,August,Friday
1414,2023-11-22,21:28:00,4,Male,48,Beauty,4,25,11,100,21,Night,Adult,89.00,2023,November,Wednesday
1883,2023-09-20,17:54:00,3,Male,40,Electronics,1,500,200,500,17,Afternoon,Adult,300.00,2023,September,Wednesday
731,2023-09-30,18:49:00,1,Male,54,Clothing,4,500,165,2000,18,Afternoon,Adult,1835.00,2023,September,Saturday
930,2023-01-12,17:54:00,1,Male,54,Clothing,4,50,26,200,17,Afternoon,Adult,174.00,2023,January,Thursday
1731,2023-12-19,17:41:00,3,Male,54,Clothing,4,500,195,2000,17,Afternoon,Adult,1805.00,2023,December,Tuesday
1930,2023-12-21,19:58:00,5,Male,54,Clothing,4,50,13,200,19,Night,Adult,187.00,2023,December,Thursday
518,2023-07-31,17:01:00,2,Female,40,Clothing,1,30,16,30,17,Afternoon,Adult,14.00,2023,July,Monday
1518,2023-05-18,20:03:00,3,Female,40,Clothing,1,30,13,30,20,Night,Adult,17.00,2023,May,Thursday
758,2023-04-23,18:30:00,1,Male,64,Clothing,4,25,7,100,18,Afternoon,Old,93.00,2023,April,Sunday
1758,2023-07-22,18:19:00,3,Male,64,Clothing,4,25,8,100,18,Afternoon,Old,92.00,2023,July,Saturday
639,2023-08-01,19:47:00,4,Female,62,Beauty,4,50,27,200,19,Night,Old,173.00,2023,August,Tuesday
838,2023-09-30,21:20:00,1,Male,47,Electronics,2,300,153,600,21,Night,Adult,447.00,2023,September,Saturday
1639,2023-12-20,18:13:00,5,Female,62,Beauty,4,50,24,200,18,Afternoon,Old,176.00,2023,December,Wednesday
1838,2023-06-28,17:06:00,4,Male,47,Electronics,2,300,102,600,17,Afternoon,Adult,498.00,2023,June,Wednesday
353,2023-03-18,21:35:00,5,Male,31,Electronics,1,500,270,500,21,Night,Adult,230.00,2023,March,Saturday
501,2023-06-28,20:21:00,2,Male,39,Electronics,2,30,9,60,20,Night,Adult,51.00,2023,June,Wednesday
721,2023-06-23,17:10:00,5,Female,52,Clothing,1,500,145,500,17,Afternoon,Adult,355.00,2023,June,Friday
1353,2023-09-04,21:59:00,3,Male,31,Electronics,1,500,235,500,21,Night,Adult,265.00,2023,September,Monday
1501,2023-01-31,18:00:00,1,Male,39,Electronics,2,30,14,60,18,Afternoon,Adult,46.00,2023,January,Tuesday
1721,2023-01-21,22:42:00,3,Female,52,Clothing,1,500,215,500,22,Night,Adult,285.00,2023,January,Saturday
123,2023-08-11,19:00:00,3,Female,40,Electronics,2,30,12,60,19,Night,Adult,48.00,2023,August,Friday
164,2023-02-28,18:26:00,3,Female,47,Beauty,3,500,185,1500,18,Afternoon,Adult,1315.00,2023,February,Tuesday
425,2023-06-11,18:28:00,2,Female,55,Electronics,4,30,16,120,18,Afternoon,Adult,104.00,2023,June,Sunday
1123,2023-12-11,21:04:00,1,Female,40,Electronics,2,30,11,60,21,Night,Adult,49.00,2023,December,Monday
1164,2023-04-07,20:53:00,1,Female,47,Beauty,3,500,245,1500,20,Night,Adult,1255.00,2023,April,Friday
1425,2023-12-02,22:15:00,1,Female,55,Electronics,4,30,10,120,22,Night,Adult,110.00,2023,December,Saturday
48,2023-10-06,17:34:00,2,Male,54,Electronics,3,300,123,900,17,Afternoon,Adult,777.00,2023,October,Friday
118,2023-03-13,20:07:00,3,Female,30,Electronics,4,500,270,2000,20,Night,Adult,1730.00,2023,March,Monday
203,2023-03-12,21:33:00,4,Male,56,Clothing,2,500,175,1000,21,Night,Adult,825.00,2023,March,Sunday
305,2023-03-22,22:09:00,4,Female,18,Beauty,1,30,14,30,22,Night,Adult,16.00,2023,March,Wednesday
358,2023-10-12,18:32:00,4,Female,32,Beauty,1,300,132,300,18,Afternoon,Adult,168.00,2023,October,Thursday
376,2023-01-29,18:21:00,4,Female,64,Beauty,1,30,12,30,18,Afternoon,Old,18.00,2023,January,Sunday
398,2023-02-23,21:17:00,5,Female,48,Clothing,2,300,114,600,21,Night,Adult,486.00,2023,February,Thursday
411,2023-07-25,20:04:00,3,Male,62,Electronics,4,50,25,200,20,Night,Old,175.00,2023,July,Tuesday
504,2023-03-31,18:07:00,4,Female,38,Beauty,3,50,22,150,18,Afternoon,Adult,128.00,2023,March,Friday
970,2023-05-25,18:13:00,2,Male,59,Electronics,4,500,220,2000,18,Afternoon,Adult,1780.00,2023,May,Thursday
996,2023-07-03,17:38:00,2,Male,62,Clothing,1,50,14,50,17,Afternoon,Old,36.00,2023,July,Monday
1048,2023-07-12,19:14:00,3,Male,54,Electronics,3,300,93,900,19,Night,Adult,807.00,2023,July,Wednesday
1118,2023-10-13,17:24:00,1,Female,30,Electronics,4,500,170,2000,17,Afternoon,Adult,1830.00,2023,October,Friday
1203,2023-11-26,18:36:00,2,Male,56,Clothing,2,500,145,1000,18,Afternoon,Adult,855.00,2023,November,Sunday
1305,2023-04-05,18:24:00,5,Female,18,Beauty,1,30,8,30,18,Afternoon,Adult,22.00,2023,April,Wednesday
1358,2023-05-04,21:40:00,5,Female,32,Beauty,1,300,156,300,21,Night,Adult,144.00,2023,May,Thursday
1376,2023-07-15,19:49:00,3,Female,64,Beauty,1,30,10,30,19,Night,Old,20.00,2023,July,Saturday
1398,2023-07-19,17:20:00,1,Female,48,Clothing,2,300,120,600,17,Afternoon,Adult,480.00,2023,July,Wednesday
1411,2023-11-24,20:27:00,1,Male,62,Electronics,4,50,26,200,20,Night,Old,174.00,2023,November,Friday
1504,2023-01-25,17:01:00,4,Female,38,Beauty,3,50,26,150,17,Afternoon,Adult,124.00,2023,January,Wednesday
1970,2023-05-22,17:44:00,5,Male,59,Electronics,4,500,230,2000,17,Afternoon,Adult,1770.00,2023,May,Monday
1996,2023-12-07,18:49:00,2,Male,62,Clothing,1,50,25,50,18,Afternoon,Old,25.00,2023,December,Thursday
81,2023-06-07,22:48:00,4,Male,40,Electronics,1,50,15,50,22,Night,Adult,35.00,2023,June,Wednesday
155,2023-07-18,18:05:00,3,Male,31,Electronics,4,500,150,2000,18,Afternoon,Adult,1850.00,2023,July,Tuesday
470,2023-12-26,18:58:00,4,Female,57,Clothing,2,500,165,1000,18,Afternoon,Adult,835.00,2023,December,Tuesday
1081,2023-06-27,22:23:00,5,Male,40,Electronics,1,50,17,50,22,Night,Adult,33.00,2023,June,Tuesday
1155,2023-12-03,18:22:00,3,Male,31,Electronics,4,500,255,2000,18,Afternoon,Adult,1745.00,2023,December,Sunday
1470,2023-06-26,19:47:00,1,Female,57,Clothing,2,500,165,1000,19,Night,Adult,835.00,2023,June,Monday
106,2023-05-17,18:58:00,1,Female,46,Clothing,1,50,15,50,18,Afternoon,Adult,35.00,2023,May,Wednesday
818,2023-05-29,18:56:00,4,Male,30,Electronics,1,500,265,500,18,Afternoon,Adult,235.00,2023,May,Monday
1106,2023-08-12,17:50:00,3,Female,46,Clothing,1,50,14,50,17,Afternoon,Adult,36.00,2023,August,Saturday
1818,2023-09-20,17:29:00,4,Male,30,Electronics,1,500,150,500,17,Afternoon,Adult,350.00,2023,September,Wednesday
94,2023-03-13,22:39:00,5,Female,47,Beauty,2,500,250,1000,22,Night,Adult,750.00,2023,March,Monday
811,2023-04-15,18:34:00,2,Male,61,Beauty,2,25,7,50,18,Afternoon,Old,43.00,2023,April,Saturday
881,2023-12-21,20:52:00,4,Male,22,Electronics,1,300,99,300,20,Night,Adult,201.00,2023,December,Thursday
1094,2023-06-15,20:34:00,1,Female,47,Beauty,2,500,210,1000,20,Night,Adult,790.00,2023,June,Thursday
1811,2023-12-09,21:58:00,5,Male,61,Beauty,2,25,9,50,21,Night,Old,41.00,2023,December,Saturday
1881,2023-07-11,17:23:00,5,Male,22,Electronics,1,300,147,300,17,Afternoon,Adult,153.00,2023,July,Tuesday
403,2023-04-22,19:31:00,5,Male,32,Clothing,2,300,78,600,19,Night,Adult,522.00,2023,April,Saturday
653,2023-11-25,22:53:00,3,Male,54,Clothing,3,25,9,75,22,Night,Adult,66.00,2023,November,Saturday
694,2023-06-30,17:47:00,3,Female,39,Electronics,2,25,10,50,17,Afternoon,Adult,40.00,2023,June,Friday
1403,2023-03-25,18:20:00,4,Male,32,Clothing,2,300,162,600,18,Afternoon,Adult,438.00,2023,March,Saturday
1653,2023-07-23,19:34:00,2,Male,54,Clothing,3,25,13,75,19,Night,Adult,62.00,2023,July,Sunday
1694,2023-01-10,19:22:00,4,Female,39,Electronics,2,25,10,50,19,Night,Adult,40.00,2023,January,Tuesday
4,2023-08-27,18:12:00,3,Male,37,Clothing,1,500,200,500,18,Afternoon,Adult,300.00,2023,August,Sunday
647,2023-03-01,19:53:00,5,Male,59,Clothing,3,500,190,1500,19,Night,Adult,1310.00,2023,March,Wednesday
911,2023-07-15,17:29:00,3,Male,42,Electronics,3,300,84,900,17,Afternoon,Adult,816.00,2023,July,Saturday
1004,2023-01-11,21:46:00,2,Male,37,Clothing,1,500,230,500,21,Night,Adult,270.00,2023,January,Wednesday
1647,2023-05-01,20:26:00,5,Male,59,Clothing,3,500,240,1500,20,Night,Adult,1260.00,2023,May,Monday
1911,2023-12-13,18:33:00,4,Male,42,Electronics,3,300,75,900,18,Afternoon,Adult,825.00,2023,December,Wednesday
419,2023-03-31,19:18:00,5,Female,44,Clothing,3,30,12,90,19,Night,Adult,78.00,2023,March,Friday
642,2023-05-04,21:40:00,1,Female,54,Clothing,4,25,12,100,21,Night,Adult,88.00,2023,May,Thursday
843,2023-01-25,22:46:00,3,Male,21,Beauty,3,500,180,1500,22,Night,Adult,1320.00,2023,January,Wednesday
895,2023-08-31,21:51:00,3,Female,55,Clothing,4,30,14,120,21,Night,Adult,106.00,2023,August,Thursday
1419,2023-02-05,18:42:00,3,Female,44,Clothing,3,30,9,90,18,Afternoon,Adult,81.00,2023,February,Sunday
1642,2023-12-27,18:30:00,4,Female,54,Clothing,4,25,12,100,18,Afternoon,Adult,88.00,2023,December,Wednesday
1843,2023-09-21,18:58:00,1,Male,21,Beauty,3,500,240,1500,18,Afternoon,Adult,1260.00,2023,September,Thursday
1895,2023-03-27,20:59:00,4,Female,55,Clothing,4,30,15,120,20,Night,Adult,105.00,2023,March,Monday
31,2023-12-31,17:47:00,3,Male,44,Electronics,4,300,129,1200,17,Afternoon,Adult,1071.00,2023,December,Sunday
37,2023-05-26,22:42:00,2,Female,18,Beauty,3,25,9,75,22,Night,Adult,66.00,2023,May,Friday
72,2023-12-06,19:19:00,5,Female,20,Electronics,4,500,195,2000,19,Night,Adult,1805.00,2023,December,Wednesday
243,2023-06-24,18:02:00,5,Female,47,Electronics,3,300,156,900,18,Afternoon,Adult,744.00,2023,June,Saturday
281,2023-09-18,20:09:00,4,Female,29,Beauty,4,500,275,2000,20,Night,Adult,1725.00,2023,September,Monday
489,2023-10-31,22:01:00,1,Male,44,Electronics,1,30,14,30,22,Night,Adult,16.00,2023,October,Tuesday
491,2023-12-30,21:11:00,4,Female,60,Electronics,3,300,78,900,21,Night,Old,822.00,2023,December,Saturday
729,2023-08-26,22:29:00,3,Male,29,Clothing,4,300,84,1200,22,Night,Adult,1116.00,2023,August,Saturday
822,2023-02-16,17:39:00,3,Female,52,Beauty,3,50,14,150,17,Afternoon,Adult,136.00,2023,February,Thursday
1031,2023-11-12,21:15:00,3,Male,44,Electronics,4,300,126,1200,21,Night,Adult,1074.00,2023,November,Sunday
1037,2023-10-17,17:38:00,2,Female,18,Beauty,3,25,12,75,17,Afternoon,Adult,63.00,2023,October,Tuesday
1072,2023-02-24,18:10:00,4,Female,20,Electronics,4,500,180,2000,18,Afternoon,Adult,1820.00,2023,February,Friday
1243,2023-12-08,17:11:00,4,Female,47,Electronics,3,300,138,900,17,Afternoon,Adult,762.00,2023,December,Friday
1281,2023-03-14,19:34:00,4,Female,29,Beauty,4,500,165,2000,19,Night,Adult,1835.00,2023,March,Tuesday
1489,2023-04-28,18:30:00,2,Male,44,Electronics,1,30,11,30,18,Afternoon,Adult,19.00,2023,April,Friday
1491,2023-05-26,22:14:00,107,Female,60,Electronics,3,300,129,900,22,Night,Old,771.00,2023,May,Friday
1729,2023-11-22,18:55:00,82,Male,29,Clothing,4,300,81,1200,18,Afternoon,Adult,1119.00,2023,November,Wednesday
1822,2023-09-09,17:15:00,15,Female,52,Beauty,3,50,21,150,17,Afternoon,Adult,129.00,2023,September,Saturday
840,2023-07-01,18:59:00,60,Male,62,Clothing,2,25,12,50,18,Afternoon,Old,38.00,2023,July,Saturday
1840,2023-05-12,20:22:00,138,Male,62,Clothing,2,25,11,50,20,Night,Old,39.00,2023,May,Friday
404,2023-02-13,19:55:00,59,Male,46,Electronics,2,500,160,1000,19,Night,Adult,840.00,2023,February,Monday
899,2023-05-22,21:34:00,147,Male,26,Clothing,2,300,153,600,21,Night,Adult,447.00,2023,May,Monday
990,2023-03-29,21:45:00,68,Female,58,Beauty,2,500,235,1000,21,Night,Adult,765.00,2023,March,Wednesday
1404,2023-08-20,18:15:00,155,Male,46,Electronics,2,500,185,1000,18,Afternoon,Adult,815.00,2023,August,Sunday
1899,2023-05-03,21:03:00,51,Male,26,Clothing,2,300,99,600,21,Night,Adult,501.00,2023,May,Wednesday
1990,2023-11-22,17:02:00,48,Female,58,Beauty,2,500,155,1000,17,Afternoon,Adult,845.00,2023,November,Wednesday
382,2023-07-14,21:20:00,29,Female,53,Clothing,2,500,245,1000,21,Night,Adult,755.00,2023,July,Friday
578,2023-12-05,22:42:00,68,Female,54,Clothing,4,30,9,120,22,Night,Adult,111.00,2023,December,Tuesday
923,2023-06-10,17:20:00,62,Male,32,Beauty,3,300,165,900,17,Afternoon,Adult,735.00,2023,June,Saturday
1382,2023-05-20,18:13:00,139,Female,53,Clothing,2,500,185,1000,18,Afternoon,Adult,815.00,2023,May,Saturday
1578,2023-11-20,18:43:00,66,Female,54,Clothing,4,30,12,120,18,Afternoon,Adult,108.00,2023,November,Monday
1923,2022-04-03,17:38:00,74,Male,32,Beauty,3,300,159,900,17,Afternoon,Adult,741.00,2022,April,Sunday
307,2022-11-11,22:54:00,32,Female,26,Electronics,2,25,9,50,22,Night,Adult,41.00,2022,November,Friday
561,2022-07-29,17:04:00,34,Female,64,Clothing,4,500,250,2000,17,Afternoon,Old,1750.00,2022,July,Friday
651,2023-09-28,21:02:00,30,Male,51,Clothing,3,50,26,150,21,Night,Adult,124.00,2023,September,Thursday
1307,2022-01-29,22:11:00,68,Female,26,Electronics,2,25,12,50,22,Night,Adult,38.00,2022,January,Saturday
1561,2023-09-17,19:38:00,16,Female,64,Clothing,4,500,170,2000,19,Night,Old,1830.00,2023,September,Sunday
1651,2022-12-04,21:29:00,155,Male,51,Clothing,3,50,24,150,21,Night,Adult,126.00,2022,December,Sunday
988,2022-08-05,18:41:00,85,Female,63,Clothing,3,25,8,75,18,Afternoon,Old,67.00,2022,August,Friday
1988,2023-11-30,18:47:00,144,Female,63,Clothing,3,25,7,75,18,Afternoon,Old,68.00,2023,November,Thursday
67,2023-08-19,20:19:00,119,Female,48,Beauty,4,300,129,1200,20,Night,Adult,1071.00,2023,August,Saturday
1067,2023-10-03,17:01:00,105,Female,48,Beauty,4,300,129,1200,17,Afternoon,Adult,1071.00,2023,October,Tuesday
915,2023-10-11,19:06:00,95,Female,26,Beauty,3,30,13,90,19,Night,Adult,77.00,2023,October,Wednesday
985,2023-06-13,22:33:00,113,Female,19,Electronics,2,25,9,50,22,Night,Adult,41.00,2023,June,Tuesday
1915,2023-07-10,22:50:00,53,Female,26,Beauty,3,30,9,90,22,Night,Adult,81.00,2023,July,Monday
1985,2023-03-31,20:15:00,113,Female,19,Electronics,2,25,10,50,20,Night,Adult,40.00,2023,March,Friday
56,2022-12-27,19:37:00,97,Female,26,Clothing,3,300,120,900,19,Night,Adult,780.00,2022,December,Tuesday
159,2022-11-10,21:30:00,42,Male,26,Clothing,4,50,24,200,21,Night,Adult,176.00,2022,November,Thursday
862,2022-12-11,21:37:00,29,Male,28,Electronics,4,300,78,1200,21,Night,Adult,1122.00,2022,December,Sunday
1056,2022-04-17,19:46:00,54,Female,26,Clothing,3,300,114,900,19,Night,Adult,786.00,2022,April,Sunday
1159,2023-04-02,18:08:00,41,Male,26,Clothing,4,50,18,200,18,Afternoon,Adult,182.00,2023,April,Sunday
1862,2022-02-06,22:50:00,64,Male,28,Electronics,4,300,165,1200,22,Night,Adult,1035.00,2022,February,Sunday
315,2023-07-03,18:53:00,122,Male,47,Clothing,2,30,15,60,18,Afternoon,Adult,45.00,2023,July,Monday
545,2023-12-19,17:18:00,61,Male,27,Clothing,2,25,8,50,17,Afternoon,Adult,42.00,2023,December,Tuesday
902,2022-02-14,17:16:00,108,Female,54,Beauty,1,50,22,50,17,Afternoon,Adult,28.00,2022,February,Monday
1315,2022-08-31,20:52:00,14,Male,47,Clothing,2,30,13,60,20,Night,Adult,47.00,2022,August,Wednesday
1545,2023-07-15,18:21:00,16,Male,27,Clothing,2,25,8,50,18,Afternoon,Adult,42.00,2023,July,Saturday
1902,2022-12-21,17:12:00,97,Female,54,Beauty,1,50,14,50,17,Afternoon,Adult,36.00,2022,December,Wednesday
170,2023-09-21,20:46:00,125,Female,25,Clothing,2,25,13,50,20,Night,Adult,37.00,2023,September,Thursday
685,2023-07-04,22:15:00,90,Male,57,Electronics,2,25,8,50,22,Night,Adult,42.00,2023,July,Tuesday
958,2022-01-01,21:14:00,116,Male,62,Electronics,2,25,11,50,21,Night,Old,39.00,2022,January,Saturday
1170,2023-01-06,17:13:00,96,Female,25,Clothing,2,25,8,50,17,Afternoon,Adult,42.00,2023,January,Friday
1685,2022-04-20,20:32:00,76,Male,57,Electronics,2,25,9,50,20,Night,Adult,41.00,2022,April,Wednesday
1958,2022-11-27,19:19:00,125,Male,62,Electronics,2,25,12,50,19,Night,Old,38.00,2022,November,Sunday
363,2022-05-23,22:51:00,92,Male,64,Beauty,1,25,14,25,22,Night,Old,11.00,2022,May,Monday
394,2022-08-19,19:27:00,105,Female,27,Clothing,1,500,165,500,19,Night,Adult,335.00,2022,August,Friday
537,2023-10-01,18:07:00,98,Female,21,Beauty,1,500,275,500,18,Afternoon,Adult,225.00,2023,October,Sunday
1363,2023-07-04,20:27:00,33,Male,64,Beauty,1,25,8,25,20,Night,Old,17.00,2023,July,Tuesday
1394,2022-04-17,20:06:00,14,Female,27,Clothing,1,500,250,500,20,Night,Adult,250.00,2022,April,Sunday
1537,2022-11-29,17:57:00,116,Female,21,Beauty,1,500,140,500,17,Afternoon,Adult,360.00,2022,November,Tuesday
387,2023-01-26,21:58:00,118,Male,44,Beauty,1,30,9,30,21,Night,Adult,21.00,2023,January,Thursday
556,2022-02-05,17:37:00,42,Female,18,Electronics,1,50,13,50,17,Afternoon,Adult,37.00,2022,February,Saturday
782,2022-04-13,21:51:00,71,Male,59,Clothing,3,300,150,900,21,Night,Adult,750.00,2022,April,Wednesday
906,2022-07-19,17:55:00,6,Female,20,Clothing,1,50,17,50,17,Afternoon,Adult,33.00,2022,July,Tuesday
1387,2022-07-26,17:48:00,37,Male,44,Beauty,1,30,16,30,17,Afternoon,Adult,14.00,2022,July,Tuesday
1556,2023-05-17,19:13:00,35,Female,18,Electronics,1,50,23,50,19,Night,Adult,27.00,2023,May,Wednesday
1782,2023-04-07,20:23:00,116,Male,59,Clothing,3,300,141,900,20,Night,Adult,759.00,2023,April,Friday
1906,2022-10-01,20:10:00,58,Female,20,Clothing,1,50,27,50,20,Night,Adult,23.00,2022,October,Saturday
560,2023-10-23,22:51:00,7,Female,25,Electronics,1,50,19,50,22,Night,Adult,31.00,2023,October,Monday
944,2022-08-23,20:22:00,136,Male,44,Clothing,2,25,12,50,20,Night,Adult,38.00,2022,August,Tuesday
1560,2022-11-13,17:16:00,91,Female,25,Electronics,1,50,19,50,17,Afternoon,Adult,31.00,2022,November,Sunday
1944,2023-07-18,21:08:00,63,Male,44,Clothing,2,25,7,50,21,Night,Adult,43.00,2023,July,Tuesday
481,2023-07-13,17:12:00,48,Female,43,Electronics,4,300,114,1200,17,Afternoon,Adult,1086.00,2023,July,Thursday
867,2022-07-24,22:40:00,152,Male,21,Electronics,1,500,185,500,22,Night,Adult,315.00,2022,July,Sunday
882,2023-10-22,21:41:00,144,Female,64,Electronics,2,25,13,50,21,Night,Old,37.00,2023,October,Sunday
961,2023-03-22,22:36:00,86,Male,53,Beauty,4,50,23,200,22,Night,Adult,177.00,2023,March,Wednesday
1481,2023-11-09,17:22:00,20,Female,43,Electronics,4,300,114,1200,17,Afternoon,Adult,1086.00,2023,November,Thursday
1867,2023-05-16,19:55:00,144,Male,21,Electronics,1,500,190,500,19,Night,Adult,310.00,2023,May,Tuesday
1882,2023-06-21,20:56:00,15,Female,64,Electronics,2,25,9,50,20,Night,Old,41.00,2023,June,Wednesday
1961,2022-05-15,21:17:00,95,Male,53,Beauty,4,50,21,200,21,Night,Adult,179.00,2022,May,Sunday
187,2022-02-20,20:19:00,88,Female,64,Clothing,2,50,21,100,20,Night,Old,79.00,2022,February,Sunday
446,2022-11-02,19:57:00,104,Male,21,Electronics,1,50,13,50,19,Night,Adult,37.00,2022,November,Wednesday
1187,2023-07-07,17:05:00,52,Female,64,Clothing,2,50,13,100,17,Afternoon,Old,87.00,2023,July,Friday
1446,2022-01-23,18:55:00,155,Male,21,Electronics,1,50,24,50,18,Afternoon,Adult,26.00,2022,January,Sunday
539,2023-11-30,18:13:00,135,Male,25,Beauty,1,500,205,500,18,Afternoon,Adult,295.00,2023,November,Thursday
587,2023-09-04,19:00:00,91,Female,40,Beauty,4,300,99,1200,19,Night,Adult,1101.00,2023,September,Monday
1539,2022-12-06,21:52:00,96,Male,25,Beauty,1,500,170,500,21,Night,Adult,330.00,2022,December,Tuesday
1587,2022-11-05,20:06:00,140,Female,40,Beauty,4,300,105,1200,20,Night,Adult,1095.00,2022,November,Saturday
212,2023-10-12,18:13:00,105,Male,21,Clothing,3,500,215,1500,18,Afternoon,Adult,1285.00,2023,October,Thursday
765,2022-10-16,19:03:00,77,Male,43,Clothing,4,50,13,200,19,Night,Adult,187.00,2022,October,Sunday
769,2022-09-09,18:57:00,18,Female,31,Electronics,4,30,10,120,18,Afternoon,Adult,110.00,2022,September,Friday
1212,2022-03-16,18:05:00,142,Male,21,Clothing,3,500,265,1500,18,Afternoon,Adult,1235.00,2022,March,Wednesday
1765,2022-10-18,22:49:00,13,Male,43,Clothing,4,50,16,200,22,Night,Adult,184.00,2022,October,Tuesday
1769,2023-10-08,22:50:00,116,Female,31,Electronics,4,30,9,120,22,Night,Adult,111.00,2023,October,Sunday
321,2023-09-24,19:53:00,30,Female,26,Electronics,2,25,10,50,19,Night,Adult,40.00,2023,September,Sunday
356,2023-08-27,18:35:00,71,Male,50,Electronics,3,500,255,1500,18,Afternoon,Adult,1245.00,2023,August,Sunday
510,2023-05-29,17:04:00,14,Female,39,Beauty,4,50,13,200,17,Afternoon,Adult,187.00,2023,May,Monday
534,2023-04-27,22:30:00,112,Male,45,Clothing,2,500,140,1000,22,Night,Adult,860.00,2023,April,Thursday
1321,2023-04-23,22:54:00,155,Female,26,Electronics,2,25,11,50,22,Night,Adult,39.00,2023,April,Sunday
1356,2023-12-18,21:31:00,11,Male,50,Electronics,3,500,245,1500,21,Night,Adult,1255.00,2023,December,Monday
1510,2022-11-20,18:21:00,124,Female,39,Beauty,4,50,19,200,18,Afternoon,Adult,181.00,2022,November,Sunday
1534,2022-06-13,19:44:00,72,Male,45,Clothing,2,500,270,1000,19,Night,Adult,730.00,2022,June,Monday
104,2022-06-09,22:58:00,129,Female,34,Beauty,2,500,190,1000,22,Night,Adult,810.00,2022,June,Thursday
110,2022-11-18,17:28:00,149,Male,27,Clothing,3,300,99,900,17,Afternoon,Adult,801.00,2022,November,Friday
352,2023-07-28,17:55:00,54,Male,57,Electronics,2,500,175,1000,17,Afternoon,Adult,825.00,2023,July,Friday
365,2023-02-23,22:12:00,151,Male,31,Clothing,1,300,93,300,22,Night,Adult,207.00,2023,February,Thursday
887,2022-02-24,19:20:00,44,Male,59,Clothing,4,25,10,100,19,Night,Adult,90.00,2022,February,Thursday
1104,2022-07-11,20:13:00,70,Female,34,Beauty,2,500,150,1000,20,Night,Adult,850.00,2022,July,Monday
1110,2022-10-26,19:14:00,62,Male,27,Clothing,3,300,114,900,19,Night,Adult,786.00,2022,October,Wednesday
1352,2023-10-19,17:40:00,14,Male,57,Electronics,2,500,260,1000,17,Afternoon,Adult,740.00,2023,October,Thursday
1365,2023-11-08,20:22:00,18,Male,31,Clothing,1,300,156,300,20,Night,Adult,144.00,2023,November,Wednesday
1887,2023-12-11,19:34:00,113,Male,59,Clothing,4,25,10,100,19,Night,Adult,90.00,2023,December,Monday
629,2023-01-05,19:55:00,39,Male,62,Electronics,2,25,8,50,19,Night,Old,42.00,2023,January,Thursday
1629,2022-02-17,20:18:00,144,Male,62,Electronics,2,25,11,50,20,Night,Old,39.00,2022,February,Thursday
655,2022-10-31,18:43:00,19,Female,55,Clothing,1,500,210,500,18,Afternoon,Adult,290.00,2022,October,Monday
1655,2023-05-28,17:57:00,8,Female,55,Clothing,1,500,125,500,17,Afternoon,Adult,375.00,2023,May,Sunday
567,2023-05-08,19:53:00,5,Female,25,Clothing,3,300,144,900,19,Night,Adult,756.00,2023,May,Monday
1567,2023-04-07,17:10:00,76,Female,25,Clothing,3,300,162,900,17,Afternoon,Adult,738.00,2023,April,Friday
182,2023-06-21,19:27:00,27,Male,62,Beauty,4,30,10,120,19,Night,Old,110.00,2023,June,Wednesday
819,2023-08-15,21:59:00,111,Female,35,Beauty,2,50,26,100,21,Night,Adult,74.00,2023,August,Tuesday
1182,2023-01-03,21:26:00,14,Male,62,Beauty,4,30,13,120,21,Night,Old,107.00,2023,January,Tuesday
1819,2022-11-05,20:44:00,83,Female,35,Beauty,2,50,14,100,20,Night,Adult,86.00,2022,November,Saturday
100,2022-02-08,19:34:00,21,Male,41,Electronics,1,30,9,30,19,Night,Adult,21.00,2022,February,Tuesday
833,2023-05-09,18:39:00,85,Male,42,Beauty,4,50,25,200,18,Afternoon,Adult,175.00,2023,May,Tuesday
1100,2023-01-20,18:15:00,136,Male,41,Electronics,1,30,13,30,18,Afternoon,Adult,17.00,2023,January,Friday
1833,2022-01-30,17:20:00,56,Male,42,Beauty,4,50,18,200,17,Afternoon,Adult,182.00,2022,January,Sunday
542,2023-06-01,18:41:00,50,Female,20,Beauty,1,50,24,50,18,Afternoon,Adult,26.00,2023,June,Thursday
723,2022-07-14,21:57:00,120,Female,54,Beauty,4,50,21,200,21,Night,Adult,179.00,2022,July,Thursday
726,2022-06-05,19:37:00,72,Male,47,Clothing,4,300,126,1200,19,Night,Adult,1074.00,2022,June,Sunday
1542,2023-05-17,20:30:00,147,Female,20,Beauty,1,50,15,50,20,Night,Adult,35.00,2023,May,Wednesday
1723,2022-02-10,17:43:00,40,Female,54,Beauty,4,50,18,200,17,Afternoon,Adult,182.00,2022,February,Thursday
1726,2023-06-26,18:12:00,13,Male,47,Clothing,4,300,93,1200,18,Afternoon,Adult,1107.00,2023,June,Monday
488,2022-07-05,17:28:00,26,Female,51,Electronics,3,300,123,900,17,Afternoon,Adult,777.00,2022,July,Tuesday
1488,2022-11-12,19:24:00,9,Female,51,Electronics,3,300,126,900,19,Night,Adult,774.00,2022,November,Saturday
239,2022-09-19,19:34:00,1,Male,38,Electronics,3,500,165,1500,19,Night,Adult,1335.00,2022,September,Monday
498,2022-03-22,22:20:00,41,Female,50,Clothing,4,25,8,100,22,Night,Adult,92.00,2022,March,Tuesday
532,2022-08-15,18:04:00,92,Female,64,Clothing,4,30,13,120,18,Afternoon,Old,107.00,2022,August,Monday
669,2022-01-23,20:24:00,110,Male,24,Beauty,4,300,87,1200,20,Night,Adult,1113.00,2022,January,Sunday
877,2022-10-01,19:52:00,134,Female,58,Clothing,1,25,7,25,19,Night,Adult,18.00,2022,October,Saturday
1239,2022-07-08,20:42:00,134,Male,38,Electronics,3,500,255,1500,20,Night,Adult,1245.00,2022,July,Friday
1498,2022-08-29,17:08:00,51,Female,50,Clothing,4,25,13,100,17,Afternoon,Adult,87.00,2022,August,Monday
1532,2022-03-23,22:48:00,51,Female,64,Clothing,4,30,16,120,22,Night,Old,104.00,2022,March,Wednesday
1669,2022-08-04,22:28:00,83,Male,24,Beauty,4,300,123,1200,22,Night,Adult,1077.00,2022,August,Thursday
1877,2023-01-25,20:19:00,72,Female,58,Clothing,1,25,11,25,20,Night,Adult,14.00,2023,January,Wednesday
422,2022-08-21,22:34:00,67,Female,28,Clothing,3,30,13,90,22,Night,Adult,77.00,2022,August,Sunday
466,2023-01-11,21:52:00,66,Male,63,Electronics,4,25,14,100,21,Night,Old,86.00,2023,January,Wednesday
1422,2022-05-07,20:41:00,35,Female,28,Clothing,3,30,14,90,20,Night,Adult,76.00,2022,May,Saturday
1466,2023-01-16,22:27:00,64,Male,63,Electronics,4,25,11,100,22,Night,Old,89.00,2023,January,Monday
583,2022-01-28,19:44:00,131,Female,24,Electronics,4,25,8,100,19,Night,Adult,92.00,2022,January,Friday
654,2023-08-14,17:40:00,92,Male,42,Clothing,3,25,9,75,17,Afternoon,Adult,66.00,2023,August,Monday
1583,2023-11-12,22:54:00,102,Female,24,Electronics,4,25,13,100,22,Night,Adult,87.00,2023,November,Sunday
1654,2023-10-13,20:47:00,111,Male,42,Clothing,3,25,6,75,20,Night,Adult,69.00,2023,October,Friday
40,2022-06-07,21:33:00,78,Male,45,Beauty,1,50,25,50,21,Night,Adult,25.00,2022,June,Tuesday
699,2022-11-21,22:21:00,129,Female,37,Clothing,4,30,16,120,22,Night,Adult,104.00,2022,November,Monday
727,2023-11-15,18:37:00,32,Male,55,Beauty,3,300,105,900,18,Afternoon,Adult,795.00,2023,November,Wednesday
830,2022-09-29,20:19:00,77,Female,64,Clothing,3,50,19,150,20,Night,Old,131.00,2022,September,Thursday
1040,2023-12-12,21:24:00,112,Male,45,Beauty,1,50,21,50,21,Night,Adult,29.00,2023,December,Tuesday
1699,2023-07-29,21:45:00,23,Female,37,Clothing,4,30,13,120,21,Night,Adult,107.00,2023,July,Saturday
1727,2023-08-08,21:06:00,72,Male,55,Beauty,3,300,75,900,21,Night,Adult,825.00,2023,August,Tuesday
1830,2023-03-04,18:04:00,87,Female,64,Clothing,3,50,21,150,18,Afternoon,Old,129.00,2023,March,Saturday
224,2022-11-11,21:32:00,99,Female,25,Clothing,1,50,24,50,21,Night,Adult,26.00,2022,November,Friday
271,2023-09-12,18:23:00,44,Female,62,Beauty,4,30,9,120,18,Afternoon,Old,111.00,2023,September,Tuesday
1224,2022-01-20,17:10:00,103,Female,25,Clothing,1,50,20,50,17,Afternoon,Adult,30.00,2022,January,Thursday
1271,2022-01-19,19:31:00,27,Female,62,Beauty,4,30,9,120,19,Night,Old,111.00,2022,January,Wednesday
36,2023-02-22,22:06:00,40,Male,52,Beauty,3,300,144,900,22,Night,Adult,756.00,2023,February,Wednesday
157,2022-05-15,21:59:00,98,Male,62,Electronics,4,500,170,2000,21,Night,Old,1830.00,2022,May,Sunday
796,2022-10-01,19:50:00,38,Male,43,Beauty,4,30,8,120,19,Night,Adult,112.00,2022,October,Saturday
839,2023-11-11,21:02:00,130,Female,20,Electronics,4,300,96,1200,21,Night,Adult,1104.00,2023,November,Saturday
927,2022-02-21,17:13:00,83,Male,43,Electronics,4,500,250,2000,17,Afternoon,Adult,1750.00,2022,February,Monday
1036,2022-08-17,18:03:00,121,Male,52,Beauty,3,300,117,900,18,Afternoon,Adult,783.00,2022,August,Wednesday
1157,2022-12-23,21:24:00,81,Male,62,Electronics,4,500,270,2000,21,Night,Old,1730.00,2022,December,Friday
1796,2023-11-12,18:36:00,69,Male,43,Beauty,4,30,11,120,18,Afternoon,Adult,109.00,2023,November,Sunday
1839,2022-08-28,21:57:00,92,Female,20,Electronics,4,300,156,1200,21,Night,Adult,1044.00,2022,August,Sunday
1927,2023-09-06,19:44:00,46,Male,43,Electronics,4,500,180,2000,19,Night,Adult,1820.00,2023,September,Wednesday
407,2022-07-16,22:17:00,117,Female,46,Electronics,3,300,138,900,22,Night,Adult,762.00,2022,July,Saturday
1407,2022-04-10,19:41:00,54,Female,46,Electronics,3,300,120,900,19,Night,Adult,780.00,2022,April,Sunday
46,2022-11-08,17:50:00,54,Female,20,Electronics,4,300,84,1200,17,Afternoon,Adult,1116.00,2022,November,Tuesday
509,2023-07-10,19:35:00,70,Female,37,Electronics,3,300,141,900,19,Night,Adult,759.00,2023,July,Monday
874,2022-01-17,18:14:00,90,Male,60,Beauty,1,30,13,30,18,Afternoon,Old,17.00,2022,January,Monday
1046,2023-07-21,21:47:00,5,Female,20,Electronics,4,300,156,1200,21,Night,Adult,1044.00,2023,July,Friday
1509,2022-11-25,20:40:00,67,Female,37,Electronics,3,300,129,900,20,Night,Adult,771.00,2022,November,Friday
1874,2022-05-14,20:58:00,126,Male,60,Beauty,1,30,13,30,20,Night,Old,17.00,2022,May,Saturday
788,2022-06-20,18:54:00,90,Female,52,Beauty,3,300,105,900,18,Afternoon,Adult,795.00,2022,June,Monday
1788,2022-05-03,20:35:00,98,Female,52,Beauty,3,300,150,900,20,Night,Adult,750.00,2022,May,Tuesday
378,2022-11-03,18:16:00,81,Male,50,Beauty,1,300,165,300,18,Afternoon,Adult,135.00,2022,November,Thursday
1378,2022-04-28,21:56:00,27,Male,50,Beauty,1,300,132,300,21,Night,Adult,168.00,2022,April,Thursday
480,2022-12-22,22:12:00,126,Female,42,Beauty,4,500,225,2000,22,Night,Adult,1775.00,2022,December,Thursday
492,2023-12-16,17:52:00,4,Male,61,Beauty,4,25,7,100,17,Afternoon,Old,93.00,2023,December,Saturday
737,2023-03-23,21:11:00,26,Female,33,Clothing,1,50,14,50,21,Night,Adult,36.00,2023,March,Thursday
1480,2023-11-26,18:05:00,3,Female,42,Beauty,4,500,165,2000,18,Afternoon,Adult,1835.00,2023,November,Sunday
1492,2023-08-26,22:09:00,146,Male,61,Beauty,4,25,10,100,22,Night,Old,90.00,2023,August,Saturday
1737,2022-11-14,22:32:00,40,Female,33,Clothing,1,50,14,50,22,Night,Adult,36.00,2022,November,Monday
684,2023-06-20,18:02:00,54,Female,28,Clothing,2,500,225,1000,18,Afternoon,Adult,775.00,2023,June,Tuesday
878,2023-10-26,18:53:00,31,Female,20,Clothing,1,30,12,30,18,Afternoon,Adult,18.00,2023,October,Thursday
1684,2023-01-23,21:40:00,43,Female,28,Clothing,2,500,200,1000,21,Night,Adult,800.00,2023,January,Monday
1878,2023-01-24,22:56:00,97,Female,20,Clothing,1,30,8,30,22,Night,Adult,22.00,2023,January,Tuesday
78,2023-02-17,21:08:00,68,Female,47,Clothing,3,500,265,1500,21,Night,Adult,1235.00,2023,February,Friday
260,2023-01-19,21:09:00,107,Male,28,Beauty,2,30,11,60,21,Night,Adult,49.00,2023,January,Thursday
455,2023-11-21,19:15:00,134,Male,31,Electronics,4,25,13,100,19,Night,Adult,87.00,2023,November,Tuesday
837,2023-01-15,20:35:00,53,Male,18,Beauty,3,30,8,90,20,Night,Adult,82.00,2023,January,Sunday
1078,2023-05-04,22:20:00,16,Female,47,Clothing,3,500,125,1500,22,Night,Adult,1375.00,2023,May,Thursday
1260,2023-07-19,17:26:00,117,Male,28,Beauty,2,30,14,60,17,Afternoon,Adult,46.00,2023,July,Wednesday
1455,2022-08-27,21:35:00,32,Male,31,Electronics,4,25,14,100,21,Night,Adult,86.00,2022,August,Saturday
1837,2023-03-29,20:45:00,32,Male,18,Beauty,3,30,8,90,20,Night,Adult,82.00,2023,March,Wednesday
45,2022-03-20,18:27:00,121,Female,55,Electronics,1,30,11,30,18,Afternoon,Adult,19.00,2022,March,Sunday
449,2022-01-03,18:28:00,58,Male,25,Electronics,4,50,27,200,18,Afternoon,Adult,173.00,2022,January,Monday
1045,2022-02-26,17:28:00,110,Female,55,Electronics,1,30,10,30,17,Afternoon,Adult,20.00,2022,February,Saturday
1449,2022-04-26,18:42:00,12,Male,25,Electronics,4,50,24,200,18,Afternoon,Adult,176.00,2022,April,Tuesday
904,2022-04-01,20:26:00,43,Male,28,Clothing,1,500,160,500,20,Night,Adult,340.00,2022,April,Friday
1904,2022-11-25,19:41:00,117,Male,28,Clothing,1,500,220,500,19,Night,Adult,280.00,2022,November,Friday
59,2022-11-14,18:28:00,61,Male,62,Clothing,1,50,27,50,18,Afternoon,Old,23.00,2022,November,Monday
128,2022-12-21,22:22:00,77,Male,25,Beauty,1,500,180,500,22,Night,Adult,320.00,2022,December,Wednesday
186,2022-03-31,18:15:00,92,Male,20,Clothing,4,50,24,200,18,Afternoon,Adult,176.00,2022,March,Thursday
802,2023-09-22,18:00:00,57,Female,46,Beauty,1,30,10,30,18,Afternoon,Adult,20.00,2023,September,Friday
1059,2022-07-12,22:05:00,89,Male,62,Clothing,1,50,13,50,22,Night,Old,37.00,2022,July,Tuesday
1128,2022-01-04,17:35:00,60,Male,25,Beauty,1,500,135,500,17,Afternoon,Adult,365.00,2022,January,Tuesday
1186,2023-09-10,18:24:00,5,Male,20,Clothing,4,50,19,200,18,Afternoon,Adult,181.00,2023,September,Sunday
1802,2022-07-13,22:17:00,33,Female,46,Beauty,1,30,10,30,22,Night,Adult,20.00,2022,July,Wednesday
75,2023-05-15,20:51:00,110,Male,61,Beauty,4,50,14,200,20,Night,Old,186.00,2023,May,Monday
447,2023-04-18,17:57:00,37,Male,22,Beauty,4,500,245,2000,17,Afternoon,Adult,1755.00,2023,April,Tuesday
528,2023-12-11,21:51:00,102,Female,36,Clothing,2,30,10,60,21,Night,Adult,50.00,2023,December,Monday
1075,2022-09-14,19:17:00,92,Male,61,Beauty,4,50,22,200,19,Night,Old,178.00,2022,September,Wednesday
1447,2022-05-30,22:21:00,137,Male,22,Beauty,4,500,155,2000,22,Night,Adult,1845.00,2022,May,Monday
1528,2023-07-06,19:44:00,126,Female,36,Clothing,2,30,12,60,19,Night,Adult,48.00,2023,July,Thursday
759,2023-05-23,21:21:00,75,Male,49,Electronics,2,50,22,100,21,Night,Adult,78.00,2023,May,Tuesday
870,2022-04-11,19:41:00,16,Female,46,Electronics,4,30,11,120,19,Night,Adult,109.00,2022,April,Monday
1759,2022-11-03,17:27:00,102,Male,49,Electronics,2,50,23,100,17,Afternoon,Adult,77.00,2022,November,Thursday
1870,2023-11-09,20:38:00,119,Female,46,Electronics,4,30,11,120,20,Night,Adult,109.00,2023,November,Thursday
77,2022-04-07,20:45:00,44,Female,47,Clothing,2,50,24,100,20,Night,Adult,76.00,2022,April,Thursday
381,2022-01-30,19:05:00,63,Female,44,Clothing,4,25,12,100,19,Night,Adult,88.00,2022,January,Sunday
439,2022-05-06,21:46:00,42,Male,50,Clothing,3,25,12,75,21,Night,Adult,63.00,2022,May,Friday
792,2023-01-04,22:50:00,4,Female,20,Beauty,1,50,27,50,22,Night,Adult,23.00,2023,January,Wednesday
1077,2022-12-16,18:45:00,141,Female,47,Clothing,2,50,15,100,18,Afternoon,Adult,85.00,2022,December,Friday
1381,2022-10-26,17:26:00,48,Female,44,Clothing,4,25,8,100,17,Afternoon,Adult,92.00,2022,October,Wednesday
1439,2023-11-18,20:53:00,76,Male,50,Clothing,3,25,7,75,20,Night,Adult,68.00,2023,November,Saturday
1792,2023-08-26,17:37:00,88,Female,20,Beauty,1,50,27,50,17,Afternoon,Adult,23.00,2023,August,Saturday
176,2023-05-26,18:15:00,53,Female,43,Beauty,2,50,26,100,18,Afternoon,Adult,74.00,2023,May,Friday
216,2022-11-04,17:28:00,141,Male,62,Electronics,2,50,27,100,17,Afternoon,Old,73.00,2022,November,Friday
1176,2023-01-04,20:33:00,34,Female,43,Beauty,2,50,21,100,20,Night,Adult,79.00,2023,January,Wednesday
1216,2023-03-01,22:53:00,23,Male,62,Electronics,2,50,13,100,22,Night,Old,87.00,2023,March,Wednesday
772,2023-04-14,21:47:00,25,Male,26,Electronics,1,30,16,30,21,Night,Adult,14.00,2023,April,Friday
1772,2022-02-03,19:06:00,59,Male,26,Electronics,1,30,13,30,19,Night,Adult,17.00,2022,February,Thursday
53,2022-01-06,17:57:00,32,Male,34,Electronics,2,50,22,100,17,Afternoon,Adult,78.00,2022,January,Thursday
1053,2023-02-10,21:13:00,40,Male,34,Electronics,2,50,21,100,21,Night,Adult,79.00,2023,February,Friday
43,2023-03-18,21:42:00,118,Female,48,Clothing,1,300,111,300,21,Night,Adult,189.00,2023,March,Saturday
71,2023-02-16,19:11:00,32,Female,51,Beauty,4,25,12,100,19,Night,Adult,88.00,2023,February,Thursday
93,2022-01-25,20:52:00,148,Female,35,Beauty,4,500,140,2000,20,Night,Adult,1860.00,2022,January,Tuesday
302,2023-02-09,17:51:00,26,Male,57,Beauty,2,300,135,600,17,Afternoon,Adult,465.00,2023,February,Thursday
551,2023-03-21,22:45:00,99,Male,45,Electronics,3,300,141,900,22,Night,Adult,759.00,2023,March,Tuesday
681,2023-08-04,22:12:00,24,Female,43,Electronics,2,30,8,60,22,Night,Adult,52.00,2023,August,Friday
722,2023-02-24,18:35:00,25,Male,20,Beauty,3,300,162,900,18,Afternoon,Adult,738.00,2023,February,Friday
728,2022-06-02,19:35:00,78,Male,51,Electronics,3,50,18,150,19,Night,Adult,132.00,2022,June,Thursday
829,2022-03-24,21:31:00,52,Male,61,Beauty,3,30,10,90,21,Night,Old,80.00,2022,March,Thursday
955,2022-01-16,17:57:00,16,Male,58,Clothing,1,25,13,25,17,Afternoon,Adult,12.00,2022,January,Sunday
1043,2023-11-30,18:10:00,20,Female,48,Clothing,1,300,87,300,18,Afternoon,Adult,213.00,2023,November,Thursday
1071,2023-09-21,17:38:00,155,Female,51,Beauty,4,25,7,100,17,Afternoon,Adult,93.00,2023,September,Thursday
1093,2023-11-06,17:26:00,87,Female,35,Beauty,4,500,270,2000,17,Afternoon,Adult,1730.00,2023,November,Monday
1302,2022-12-21,17:55:00,20,Male,57,Beauty,2,300,102,600,17,Afternoon,Adult,498.00,2022,December,Wednesday
1551,2023-11-12,22:36:00,84,Male,45,Electronics,3,300,81,900,22,Night,Adult,819.00,2023,November,Sunday
1681,2022-11-09,19:32:00,53,Female,43,Electronics,2,30,11,60,19,Night,Adult,49.00,2022,November,Wednesday
1722,2022-01-30,20:38:00,22,Male,20,Beauty,3,300,159,900,20,Night,Adult,741.00,2022,January,Sunday
1728,2023-05-23,22:30:00,77,Male,51,Electronics,3,50,25,150,22,Night,Adult,125.00,2023,May,Tuesday
1829,2022-05-30,22:37:00,58,Male,61,Beauty,3,30,12,90,22,Night,Old,78.00,2022,May,Monday
1955,2022-09-15,21:11:00,134,Male,58,Clothing,1,25,7,25,21,Night,Adult,18.00,2022,September,Thursday
144,2022-03-26,22:18:00,119,Female,59,Beauty,3,500,255,1500,22,Night,Adult,1245.00,2022,March,Saturday
474,2022-05-08,17:57:00,145,Female,26,Clothing,3,500,210,1500,17,Afternoon,Adult,1290.00,2022,May,Sunday
1144,2022-12-30,21:27:00,148,Female,59,Beauty,3,500,125,1500,21,Night,Adult,1375.00,2022,December,Friday
1474,2022-05-15,20:49:00,84,Female,26,Clothing,3,500,255,1500,20,Night,Adult,1245.00,2022,May,Sunday
603,2022-04-18,20:17:00,95,Female,40,Clothing,3,30,14,90,20,Night,Adult,76.00,2022,April,Monday
661,2022-08-05,22:09:00,10,Female,44,Clothing,4,25,7,100,22,Night,Adult,93.00,2022,August,Friday
1603,2023-12-04,20:50:00,132,Female,40,Clothing,3,30,13,90,20,Night,Adult,77.00,2023,December,Monday
1661,2023-07-07,19:18:00,20,Female,44,Clothing,4,25,6,100,19,Night,Adult,94.00,2023,July,Friday
143,2023-02-11,22:20:00,118,Female,45,Clothing,1,50,28,50,22,Night,Adult,22.00,2023,February,Saturday
515,2022-02-13,20:47:00,71,Female,49,Clothing,3,300,75,900,20,Night,Adult,825.00,2022,February,Sunday
1143,2023-05-01,21:10:00,23,Female,45,Clothing,1,50,15,50,21,Night,Adult,35.00,2023,May,Monday
1515,2023-02-04,21:49:00,107,Female,49,Clothing,3,300,135,900,21,Night,Adult,765.00,2023,February,Saturday
304,2023-03-23,18:35:00,59,Female,37,Electronics,2,30,16,60,18,Afternoon,Adult,44.00,2023,March,Thursday
676,2023-07-10,22:13:00,80,Male,63,Electronics,3,500,205,1500,22,Night,Old,1295.00,2023,July,Monday
686,2022-01-06,17:14:00,68,Female,28,Electronics,4,50,24,200,17,Afternoon,Adult,176.00,2022,January,Thursday
698,2022-03-17,20:56:00,116,Female,64,Electronics,1,300,123,300,20,Night,Old,177.00,2022,March,Thursday
1304,2022-09-26,22:19:00,4,Female,37,Electronics,2,30,9,60,22,Night,Adult,51.00,2022,September,Monday
1676,2023-09-21,20:22:00,91,Male,63,Electronics,3,500,210,1500,20,Night,Old,1290.00,2023,September,Thursday
1686,2023-12-10,20:41:00,151,Female,28,Electronics,4,50,26,200,20,Night,Adult,174.00,2023,December,Sunday
1698,2022-04-07,21:50:00,146,Female,64,Electronics,1,300,105,300,21,Night,Old,195.00,2022,April,Thursday
709,2022-09-22,22:32:00,61,Female,19,Electronics,2,500,140,1000,22,Night,Adult,860.00,2022,September,Thursday
1709,2023-09-13,20:22:00,97,Female,19,Electronics,2,500,185,1000,20,Night,Adult,815.00,2023,September,Wednesday
114,2022-04-17,20:57:00,92,Female,22,Beauty,4,25,9,100,20,Night,Adult,91.00,2022,April,Sunday
359,2022-12-15,21:49:00,122,Male,50,Clothing,1,50,23,50,21,Night,Adult,27.00,2022,December,Thursday
1114,2022-08-18,22:19:00,100,Female,22,Beauty,4,25,12,100,22,Night,Adult,88.00,2022,August,Thursday
1359,2022-05-17,22:21:00,55,Male,50,Clothing,1,50,19,50,22,Night,Adult,31.00,2022,May,Tuesday
773,2023-01-14,19:10:00,3,Male,25,Electronics,4,500,175,2000,19,Night,Adult,1825.00,2023,January,Saturday
1773,2023-12-12,18:50:00,80,Male,25,Electronics,4,500,165,2000,18,Afternoon,Adult,1835.00,2023,December,Tuesday
127,2023-05-20,19:37:00,40,Female,33,Clothing,2,25,8,50,19,Night,Adult,42.00,2023,May,Saturday
213,2023-08-13,20:48:00,113,Male,27,Beauty,3,500,275,1500,20,Night,Adult,1225.00,2023,August,Sunday
487,2023-04-09,21:03:00,36,Male,44,Clothing,4,500,235,2000,21,Night,Adult,1765.00,2023,April,Sunday
495,2022-06-24,21:06:00,131,Male,24,Beauty,2,30,12,60,21,Night,Adult,48.00,2022,June,Friday
605,2023-10-19,22:24:00,76,Male,37,Electronics,2,500,180,1000,22,Night,Adult,820.00,2023,October,Thursday
1127,2022-03-15,19:26:00,87,Female,33,Clothing,2,25,13,50,19,Night,Adult,37.00,2022,March,Tuesday
1213,2023-06-21,17:23:00,41,Male,27,Beauty,3,500,185,1500,17,Afternoon,Adult,1315.00,2023,June,Wednesday
1487,2023-02-01,19:01:00,131,Male,44,Clothing,4,500,140,2000,19,Night,Adult,1860.00,2023,February,Wednesday
1495,2023-03-14,22:37:00,113,Male,24,Beauty,2,30,16,60,22,Night,Adult,44.00,2023,March,Tuesday
1605,2022-01-24,19:39:00,2,Male,37,Electronics,2,500,165,1000,19,Night,Adult,835.00,2022,January,Monday
105,2023-06-18,18:05:00,82,Female,22,Electronics,1,500,230,500,18,Afternoon,Adult,270.00,2023,June,Sunday
299,2023-01-25,20:03:00,76,Male,61,Electronics,2,500,230,1000,20,Night,Old,770.00,2023,January,Wednesday
934,2022-11-22,18:20:00,111,Male,30,Beauty,1,500,240,500,18,Afternoon,Adult,260.00,2022,November,Tuesday
1105,2022-11-12,19:09:00,19,Female,22,Electronics,1,500,270,500,19,Night,Adult,230.00,2022,November,Saturday
1299,2022-05-08,18:58:00,11,Male,61,Electronics,2,500,250,1000,18,Afternoon,Old,750.00,2022,May,Sunday
1934,2022-09-08,17:06:00,69,Male,30,Beauty,1,500,150,500,17,Afternoon,Adult,350.00,2022,September,Thursday
270,2022-12-17,17:46:00,84,Male,43,Electronics,1,300,117,300,17,Afternoon,Adult,183.00,2022,December,Saturday
338,2022-02-05,21:26:00,44,Male,54,Beauty,2,50,20,100,21,Night,Adult,80.00,2022,February,Saturday
543,2022-04-16,20:30:00,121,Male,49,Beauty,2,300,75,600,20,Night,Adult,525.00,2022,April,Saturday
1270,2022-08-25,22:54:00,84,Male,43,Electronics,1,300,108,300,22,Night,Adult,192.00,2022,August,Thursday
1338,2022-01-25,19:55:00,31,Male,54,Beauty,2,50,19,100,19,Night,Adult,81.00,2022,January,Tuesday
1543,2022-10-03,22:40:00,73,Male,49,Beauty,2,300,123,600,22,Night,Adult,477.00,2022,October,Monday
557,2023-09-27,20:01:00,155,Female,20,Beauty,3,30,13,90,20,Night,Adult,77.00,2023,September,Wednesday
702,2023-03-03,17:18:00,66,Female,60,Clothing,2,300,78,600,17,Afternoon,Old,522.00,2023,March,Friday
864,2023-07-31,22:16:00,139,Female,51,Electronics,1,500,215,500,22,Night,Adult,285.00,2023,July,Monday
1557,2022-08-04,17:01:00,14,Female,20,Beauty,3,30,10,90,17,Afternoon,Adult,80.00,2022,August,Thursday
1702,2023-07-31,21:54:00,102,Female,60,Clothing,2,300,87,600,21,Night,Old,513.00,2023,July,Monday
1864,2023-04-30,21:00:00,112,Female,51,Electronics,1,500,190,500,21,Night,Adult,310.00,2023,April,Sunday
254,2022-12-14,22:45:00,104,Male,41,Electronics,1,500,165,500,22,Night,Adult,335.00,2022,December,Wednesday
295,2022-02-01,20:23:00,80,Female,27,Beauty,3,300,105,900,20,Night,Adult,795.00,2022,February,Tuesday
457,2022-11-28,22:49:00,38,Female,58,Beauty,3,300,147,900,22,Night,Adult,753.00,2022,November,Monday
668,2022-06-17,20:33:00,135,Female,62,Electronics,3,50,25,150,20,Night,Old,125.00,2022,June,Friday
850,2023-09-14,19:01:00,58,Female,26,Beauty,2,500,235,1000,19,Night,Adult,765.00,2023,September,Thursday
1254,2023-04-12,18:24:00,86,Male,41,Electronics,1,500,180,500,18,Afternoon,Adult,320.00,2023,April,Wednesday
1295,2023-11-04,19:28:00,86,Female,27,Beauty,3,300,81,900,19,Night,Adult,819.00,2023,November,Saturday
1457,2023-03-25,21:31:00,140,Female,58,Beauty,3,300,108,900,21,Night,Adult,792.00,2023,March,Saturday
1668,2023-03-13,21:40:00,132,Female,62,Electronics,3,50,14,150,21,Night,Old,136.00,2023,March,Monday
1850,2022-02-16,20:44:00,154,Female,26,Beauty,2,500,240,1000,20,Night,Adult,760.00,2022,February,Wednesday
541,2022-12-25,18:37:00,39,Male,56,Beauty,1,500,215,500,18,Afternoon,Adult,285.00,2022,December,Sunday
980,2022-10-14,19:51:00,147,Female,31,Electronics,3,25,13,75,19,Night,Adult,62.00,2022,October,Friday
1541,2023-10-02,22:17:00,57,Male,56,Beauty,1,500,195,500,22,Night,Adult,305.00,2023,October,Monday
1980,2023-08-23,20:30:00,112,Female,31,Electronics,3,25,7,75,20,Night,Adult,68.00,2023,August,Wednesday
262,2023-09-15,20:33:00,30,Female,32,Beauty,4,30,13,120,20,Night,Adult,107.00,2023,September,Friday
467,2022-01-24,22:39:00,151,Female,53,Electronics,3,50,15,150,22,Night,Adult,135.00,2022,January,Monday
1262,2022-08-13,20:33:00,127,Female,32,Beauty,4,30,8,120,20,Night,Adult,112.00,2022,August,Saturday
1467,2023-08-13,19:31:00,89,Female,53,Electronics,3,50,14,150,19,Night,Adult,136.00,2023,August,Sunday
463,2023-01-29,20:22:00,55,Female,54,Beauty,3,500,175,1500,20,Night,Adult,1325.00,2023,January,Sunday
1463,2022-07-29,19:45:00,98,Female,54,Beauty,3,500,170,1500,19,Night,Adult,1330.00,2022,July,Friday
598,2022-06-23,17:02:00,7,Male,37,Beauty,4,30,11,120,17,Afternoon,Adult,109.00,2022,June,Thursday
667,2022-12-01,18:46:00,22,Female,29,Electronics,1,500,190,500,18,Afternoon,Adult,310.00,2022,December,Thursday
672,2022-02-17,19:44:00,1,Female,34,Beauty,2,50,28,100,19,Night,Adult,72.00,2022,February,Thursday
1598,2023-01-15,19:17:00,126,Male,37,Beauty,4,30,10,120,19,Night,Adult,110.00,2023,January,Sunday
1667,2022-07-04,19:09:00,40,Female,29,Electronics,1,500,125,500,19,Night,Adult,375.00,2022,July,Monday
1672,2023-03-28,22:34:00,87,Female,34,Beauty,2,50,16,100,22,Night,Adult,84.00,2023,March,Tuesday
949,2023-06-20,20:28:00,21,Female,41,Electronics,2,25,9,50,20,Night,Adult,41.00,2023,June,Tuesday
1949,2022-11-11,20:24:00,105,Female,41,Electronics,2,25,13,50,20,Night,Adult,37.00,2022,November,Friday
27,2023-12-14,19:44:00,39,Female,38,Beauty,2,25,8,50,19,Night,Adult,42.00,2023,December,Thursday
347,2022-03-26,19:31:00,26,Male,42,Electronics,1,25,7,25,19,Night,Adult,18.00,2022,March,Saturday
687,2022-06-27,17:14:00,86,Female,53,Electronics,1,300,150,300,17,Afternoon,Adult,150.00,2022,June,Monday
1027,2022-04-30,21:00:00,131,Female,38,Beauty,2,25,8,50,21,Night,Adult,42.00,2022,April,Saturday
1347,2023-11-21,21:55:00,7,Male,42,Electronics,1,25,13,25,21,Night,Adult,12.00,2023,November,Tuesday
1687,2023-02-17,22:27:00,102,Female,53,Electronics,1,300,81,300,22,Night,Adult,219.00,2023,February,Friday
549,2022-11-03,19:39:00,114,Female,50,Beauty,2,50,13,100,19,Night,Adult,87.00,2022,November,Thursday
675,2023-07-19,18:10:00,26,Female,45,Clothing,2,30,16,60,18,Afternoon,Adult,44.00,2023,July,Wednesday
730,2022-02-20,19:38:00,131,Female,36,Clothing,2,25,13,50,19,Night,Adult,37.00,2022,February,Sunday
798,2023-01-20,21:19:00,73,Male,61,Clothing,1,50,15,50,21,Night,Old,35.00,2023,January,Friday
1549,2023-11-15,19:25:00,109,Female,50,Beauty,2,50,15,100,19,Night,Adult,85.00,2023,November,Wednesday
1675,2022-05-17,19:55:00,152,Female,45,Clothing,2,30,16,60,19,Night,Adult,44.00,2022,May,Tuesday
1730,2023-08-14,19:17:00,116,Female,36,Clothing,2,25,11,50,19,Night,Adult,39.00,2023,August,Monday
1798,2023-07-18,20:26:00,96,Male,61,Clothing,1,50,20,50,20,Night,Old,30.00,2023,July,Tuesday
13,2023-02-08,17:43:00,106,Male,22,Electronics,3,500,245,1500,17,Afternoon,Adult,1255.00,2023,February,Wednesday
35,2022-10-29,17:30:00,122,Female,58,Beauty,3,300,126,900,17,Afternoon,Adult,774.00,2022,October,Saturday
140,2022-07-07,20:20:00,61,Male,38,Electronics,1,30,14,30,20,Night,Adult,16.00,2022,July,Thursday
206,2022-09-02,18:18:00,31,Male,61,Clothing,1,25,12,25,18,Afternoon,Old,13.00,2022,September,Friday
261,2022-02-06,17:48:00,16,Male,21,Clothing,2,25,8,50,17,Afternoon,Adult,42.00,2022,February,Sunday
279,2023-08-10,17:29:00,38,Male,50,Clothing,1,500,210,500,17,Afternoon,Adult,290.00,2023,August,Thursday
308,2022-03-31,19:12:00,130,Female,34,Beauty,4,300,126,1200,19,Night,Adult,1074.00,2022,March,Thursday
418,2022-04-01,18:05:00,95,Female,60,Electronics,2,500,155,1000,18,Afternoon,Old,845.00,2022,April,Friday
1013,2022-07-16,19:38:00,111,Male,22,Electronics,3,500,200,1500,19,Night,Adult,1300.00,2022,July,Saturday
1035,2023-04-26,21:56:00,52,Female,58,Beauty,3,300,105,900,21,Night,Adult,795.00,2023,April,Wednesday
1140,2022-05-22,19:26:00,154,Male,38,Electronics,1,30,16,30,19,Night,Adult,14.00,2022,May,Sunday
1206,2023-05-14,19:45:00,68,Male,61,Clothing,1,25,9,25,19,Night,Old,16.00,2023,May,Sunday
1261,2022-09-27,21:19:00,116,Male,21,Clothing,2,25,6,50,21,Night,Adult,44.00,2022,September,Tuesday
1279,2022-04-21,22:55:00,116,Male,50,Clothing,1,500,170,500,22,Night,Adult,330.00,2022,April,Thursday
1308,2023-06-19,22:39:00,91,Female,34,Beauty,4,300,150,1200,22,Night,Adult,1050.00,2023,June,Monday
1418,2022-09-17,18:19:00,68,Female,60,Electronics,2,500,215,1000,18,Afternoon,Old,785.00,2022,September,Saturday
612,2022-02-23,19:06:00,77,Female,61,Electronics,1,500,235,500,19,Night,Old,265.00,2022,February,Wednesday
875,2023-11-30,21:47:00,134,Female,51,Electronics,4,500,135,2000,21,Night,Adult,1865.00,2023,November,Thursday
1612,2022-12-18,21:14:00,140,Female,61,Electronics,1,500,230,500,21,Night,Old,270.00,2022,December,Sunday
1875,2022-06-03,22:42:00,141,Female,51,Electronics,4,500,165,2000,22,Night,Adult,1835.00,2022,June,Friday
430,2023-05-23,18:36:00,100,Female,43,Electronics,3,300,153,900,18,Afternoon,Adult,747.00,2023,May,Tuesday
633,2023-07-06,22:20:00,35,Male,39,Beauty,4,30,12,120,22,Night,Adult,108.00,2023,July,Thursday
1430,2023-10-31,18:25:00,22,Female,43,Electronics,3,300,132,900,18,Afternoon,Adult,768.00,2023,October,Tuesday
1633,2022-12-31,18:18:00,152,Male,39,Beauty,4,30,11,120,18,Afternoon,Adult,109.00,2022,December,Saturday
125,2022-09-28,18:48:00,137,Male,48,Clothing,2,50,19,100,18,Afternoon,Adult,81.00,2022,September,Wednesday
716,2023-08-13,19:51:00,137,Female,60,Clothing,4,300,108,1200,19,Night,Old,1092.00,2023,August,Sunday
790,2023-04-13,20:47:00,29,Male,62,Clothing,1,25,9,25,20,Night,Old,16.00,2023,April,Thursday
960,2023-03-29,19:01:00,134,Male,59,Clothing,2,30,14,60,19,Night,Adult,46.00,2023,March,Wednesday
1125,2023-11-12,17:51:00,79,Male,48,Clothing,2,50,22,100,17,Afternoon,Adult,78.00,2023,November,Sunday
1716,2022-02-12,19:16:00,39,Female,60,Clothing,4,300,87,1200,19,Night,Old,1113.00,2022,February,Saturday
1790,2023-05-14,20:52:00,147,Male,62,Clothing,1,25,8,25,20,Night,Old,17.00,2023,May,Sunday
1960,2022-06-29,22:04:00,67,Male,59,Clothing,2,30,13,60,22,Night,Adult,47.00,2022,June,Wednesday
259,2023-03-11,20:26:00,93,Female,45,Clothing,4,50,23,200,20,Night,Adult,177.00,2023,March,Saturday
443,2023-09-19,20:25:00,98,Male,29,Clothing,2,300,114,600,20,Night,Adult,486.00,2023,September,Tuesday
529,2022-11-29,17:43:00,46,Female,35,Clothing,3,50,21,150,17,Afternoon,Adult,129.00,2022,November,Tuesday
563,2022-12-21,18:40:00,150,Male,20,Clothing,2,30,16,60,18,Afternoon,Adult,44.00,2022,December,Wednesday
1259,2022-11-03,17:31:00,105,Female,45,Clothing,4,50,21,200,17,Afternoon,Adult,179.00,2022,November,Thursday
1443,2022-06-18,19:37:00,81,Male,29,Clothing,2,300,147,600,19,Night,Adult,453.00,2022,June,Saturday
1529,2022-09-17,22:38:00,105,Female,35,Clothing,3,50,17,150,22,Night,Adult,133.00,2022,September,Saturday
1563,2022-10-13,17:44:00,22,Male,20,Clothing,2,30,15,60,17,Afternoon,Adult,45.00,2022,October,Thursday
801,2022-12-01,17:14:00,153,Male,21,Clothing,4,50,19,200,17,Afternoon,Adult,181.00,2022,December,Thursday
1801,2022-07-10,22:01:00,148,Male,21,Clothing,4,50,14,200,22,Night,Adult,186.00,2022,July,Sunday
160,2022-07-20,17:08:00,127,Female,43,Clothing,2,50,27,100,17,Afternoon,Adult,73.00,2022,July,Wednesday
508,2023-07-05,22:52:00,32,Male,58,Beauty,2,300,123,600,22,Night,Adult,477.00,2023,July,Wednesday
807,2023-01-26,19:49:00,91,Female,50,Electronics,4,50,16,200,19,Night,Adult,184.00,2023,January,Thursday
1160,2023-08-20,19:20:00,105,Female,43,Clothing,2,50,14,100,19,Night,Adult,86.00,2023,August,Sunday
1508,2022-04-08,20:32:00,90,Male,58,Beauty,2,300,81,600,20,Night,Adult,519.00,2022,April,Friday
1807,2022-08-04,22:15:00,19,Female,50,Electronics,4,50,22,200,22,Night,Adult,178.00,2022,August,Thursday
511,2023-12-23,18:19:00,146,Male,45,Beauty,2,50,25,100,18,Afternoon,Adult,75.00,2023,December,Saturday
521,2023-10-28,19:56:00,133,Female,47,Clothing,4,30,9,120,19,Night,Adult,111.00,2023,October,Saturday
695,2022-04-03,22:12:00,52,Female,22,Electronics,3,50,21,150,22,Night,Adult,129.00,2022,April,Sunday
816,2023-09-27,19:29:00,133,Male,47,Beauty,2,500,240,1000,19,Night,Adult,760.00,2023,September,Wednesday
1511,2022-04-09,21:36:00,45,Male,45,Beauty,2,50,14,100,21,Night,Adult,86.00,2022,April,Saturday
1521,2023-07-23,19:08:00,30,Female,47,Clothing,4,30,13,120,19,Night,Adult,107.00,2023,July,Sunday
1695,2023-09-21,20:51:00,85,Female,22,Electronics,3,50,23,150,20,Night,Adult,127.00,2023,September,Thursday
1816,2022-06-17,22:30:00,52,Male,47,Beauty,2,500,245,1000,22,Night,Adult,755.00,2022,June,Friday
217,2022-05-02,17:01:00,17,Female,35,Electronics,4,50,27,200,17,Afternoon,Adult,173.00,2022,May,Monday
384,2022-04-10,19:53:00,127,Male,55,Clothing,1,500,145,500,19,Night,Adult,355.00,2022,April,Sunday
1217,2023-10-16,19:28:00,70,Female,35,Electronics,4,50,18,200,19,Night,Adult,182.00,2023,October,Monday
1384,2023-12-17,20:23:00,106,Male,55,Clothing,1,500,260,500,20,Night,Adult,240.00,2023,December,Sunday
648,2023-02-23,18:13:00,41,Male,53,Beauty,4,300,138,1200,18,Afternoon,Adult,1062.00,2023,February,Thursday
926,2023-10-06,22:53:00,53,Male,22,Electronics,1,30,16,30,22,Night,Adult,14.00,2023,October,Friday
1648,2023-07-10,17:18:00,16,Male,53,Beauty,4,300,87,1200,17,Afternoon,Adult,1113.00,2023,July,Monday
1926,2023-08-07,20:22:00,74,Male,22,Electronics,1,30,10,30,20,Night,Adult,20.00,2023,August,Monday
285,2023-12-01,18:14:00,107,Female,31,Electronics,1,25,14,25,18,Afternoon,Adult,11.00,2023,December,Friday
427,2023-11-16,21:26:00,120,Male,25,Electronics,1,25,12,25,21,Night,Adult,13.00,2023,November,Thursday
569,2022-04-29,20:49:00,132,Male,52,Electronics,4,50,19,200,20,Night,Adult,181.00,2022,April,Friday
570,2022-06-09,22:53:00,91,Male,49,Clothing,1,500,185,500,22,Night,Adult,315.00,2022,June,Thursday
630,2023-03-21,17:29:00,94,Male,42,Clothing,2,50,26,100,17,Afternoon,Adult,74.00,2023,March,Tuesday
957,2023-06-19,19:00:00,105,Female,60,Electronics,4,30,9,120,19,Night,Old,111.00,2023,June,Monday
1285,2023-06-01,21:55:00,130,Female,31,Electronics,1,25,12,25,21,Night,Adult,13.00,2023,June,Thursday
1427,2023-07-15,18:36:00,92,Male,25,Electronics,1,25,12,25,18,Afternoon,Adult,13.00,2023,July,Saturday
1569,2023-11-30,21:07:00,35,Male,52,Electronics,4,50,18,200,21,Night,Adult,182.00,2023,November,Thursday
1570,2023-06-15,22:32:00,109,Male,49,Clothing,1,500,170,500,22,Night,Adult,330.00,2023,June,Thursday
1630,2022-05-22,17:22:00,95,Male,42,Clothing,2,50,16,100,17,Afternoon,Adult,84.00,2022,May,Sunday
1957,2022-10-25,19:00:00,75,Female,60,Electronics,4,30,15,120,19,Night,Old,105.00,2022,October,Tuesday
635,2022-12-04,21:03:00,89,Female,63,Electronics,3,300,129,900,21,Night,Old,771.00,2022,December,Sunday
1635,2023-04-17,18:08:00,36,Female,63,Electronics,3,300,159,900,18,Afternoon,Old,741.00,2023,April,Monday
29,2022-03-08,20:10:00,31,Female,42,Electronics,1,30,14,30,20,Night,Adult,16.00,2022,March,Tuesday
277,2023-07-03,22:10:00,139,Male,36,Clothing,4,25,12,100,22,Night,Adult,88.00,2023,July,Monday
859,2022-09-20,21:52:00,46,Female,56,Electronics,3,500,190,1500,21,Night,Adult,1310.00,2022,September,Tuesday
1029,2023-07-18,19:23:00,117,Female,42,Electronics,1,30,12,30,19,Night,Adult,18.00,2023,July,Tuesday
1277,2023-10-17,21:20:00,80,Male,36,Clothing,4,25,13,100,21,Night,Adult,87.00,2023,October,Tuesday
1859,2022-09-14,20:58:00,32,Female,56,Electronics,3,500,205,1500,20,Night,Adult,1295.00,2022,September,Wednesday
638,2023-01-10,19:52:00,154,Male,46,Electronics,1,500,190,500,19,Night,Adult,310.00,2023,January,Tuesday
823,2023-12-03,17:42:00,66,Female,56,Electronics,2,50,25,100,17,Afternoon,Adult,75.00,2023,December,Sunday
956,2023-04-24,21:50:00,140,Male,30,Clothing,3,500,135,1500,21,Night,Adult,1365.00,2023,April,Monday
981,2022-02-05,21:08:00,5,Female,30,Electronics,2,30,13,60,21,Night,Adult,47.00,2022,February,Saturday
1638,2022-08-13,18:26:00,37,Male,46,Electronics,1,500,155,500,18,Afternoon,Adult,345.00,2022,August,Saturday
1823,2022-11-08,22:28:00,58,Female,56,Electronics,2,50,27,100,22,Night,Adult,73.00,2022,November,Tuesday
1956,2023-06-01,20:40:00,62,Male,30,Clothing,3,500,170,1500,20,Night,Adult,1330.00,2023,June,Thursday
1981,2022-06-05,22:50:00,19,Female,30,Electronics,2,30,12,60,22,Night,Adult,48.00,2022,June,Sunday
219,2023-09-16,22:34:00,79,Female,53,Electronics,3,30,10,90,22,Night,Adult,80.00,2023,September,Saturday
1219,2022-11-02,21:47:00,149,Female,53,Electronics,3,30,11,90,21,Night,Adult,79.00,2022,November,Wednesday
73,2022-01-14,21:47:00,42,Male,29,Electronics,3,30,9,90,21,Night,Adult,81.00,2022,January,Friday
162,2023-04-11,19:37:00,118,Male,39,Clothing,2,30,9,60,19,Night,Adult,51.00,2023,April,Tuesday
306,2022-01-04,22:05:00,148,Male,54,Electronics,1,50,27,50,22,Night,Adult,23.00,2022,January,Tuesday
725,2023-09-21,20:32:00,2,Male,61,Electronics,1,300,153,300,20,Night,Old,147.00,2023,September,Thursday
880,2023-09-26,20:13:00,63,Male,22,Beauty,2,500,175,1000,20,Night,Adult,825.00,2023,September,Tuesday
992,2023-10-15,19:34:00,134,Female,57,Electronics,2,30,8,60,19,Night,Adult,52.00,2023,October,Sunday
1073,2022-02-21,18:16:00,82,Male,29,Electronics,3,30,15,90,18,Afternoon,Adult,75.00,2022,February,Monday
1162,2022-07-13,17:08:00,101,Male,39,Clothing,2,30,13,60,17,Afternoon,Adult,47.00,2022,July,Wednesday
1306,2023-11-11,20:57:00,122,Male,54,Electronics,1,50,19,50,20,Night,Adult,31.00,2023,November,Saturday
1725,2022-05-16,21:02:00,109,Male,61,Electronics,1,300,105,300,21,Night,Old,195.00,2022,May,Monday
1880,2023-06-14,20:03:00,37,Male,22,Beauty,2,500,175,1000,20,Night,Adult,825.00,2023,June,Wednesday
1992,2023-05-19,21:35:00,70,Female,57,Electronics,2,30,9,60,21,Night,Adult,51.00,2023,May,Friday
597,2022-11-01,19:29:00,84,Male,22,Beauty,4,300,111,1200,19,Night,Adult,1089.00,2022,November,Tuesday
622,2022-10-16,22:00:00,155,Female,49,Beauty,3,25,6,75,22,Night,Adult,69.00,2022,October,Sunday
1597,2023-08-28,18:21:00,32,Male,22,Beauty,4,300,78,1200,18,Afternoon,Adult,1122.00,2023,August,Monday
1622,2023-04-22,21:28:00,54,Female,49,Beauty,3,25,12,75,21,Night,Adult,63.00,2023,April,Saturday
116,2023-06-22,20:04:00,58,Female,23,Clothing,1,30,15,30,20,Night,Adult,15.00,2023,June,Thursday
364,2022-06-07,19:06:00,98,Female,19,Beauty,1,500,200,500,19,Night,Adult,300.00,2022,June,Tuesday
368,2023-01-31,21:11:00,90,Female,56,Clothing,4,300,132,1200,21,Night,Adult,1068.00,2023,January,Tuesday
1116,2022-08-15,22:26:00,145,Female,23,Clothing,1,30,12,30,22,Night,Adult,18.00,2022,August,Monday
1364,2023-09-23,17:04:00,72,Female,19,Beauty,1,500,250,500,17,Afternoon,Adult,250.00,2023,September,Saturday
1368,2022-03-08,21:29:00,145,Female,56,Clothing,4,300,132,1200,21,Night,Adult,1068.00,2022,March,Tuesday
50,2022-03-29,18:51:00,71,Female,27,Beauty,3,25,11,75,18,Afternoon,Adult,64.00,2022,March,Tuesday
479,2022-11-03,21:35:00,90,Male,52,Electronics,4,300,105,1200,21,Night,Adult,1095.00,2022,November,Thursday
804,2023-12-11,17:12:00,99,Male,42,Electronics,1,30,11,30,17,Afternoon,Adult,19.00,2023,December,Monday
1050,2022-12-10,20:15:00,24,Female,27,Beauty,3,25,11,75,20,Night,Adult,64.00,2022,December,Saturday
1479,2022-05-31,22:24:00,108,Male,52,Electronics,4,300,162,1200,22,Night,Adult,1038.00,2022,May,Tuesday
1804,2023-01-10,22:46:00,74,Male,42,Electronics,1,30,15,30,22,Night,Adult,15.00,2023,January,Tuesday
92,2022-03-21,19:41:00,10,Female,51,Electronics,4,30,9,120,19,Night,Adult,111.00,2022,March,Monday
282,2023-10-05,17:39:00,10,Female,64,Electronics,4,50,56,200,17,Afternoon,Old,144.00,2023,October,Thursday
718,2023-11-02,20:25:00,154,Female,59,Beauty,3,25,25,75,20,Night,Adult,50.00,2023,November,Thursday
1092,2022-05-03,20:15:00,58,Female,51,Electronics,4,30,32,120,20,Night,Adult,88.00,2022,May,Tuesday
1282,2023-02-20,20:05:00,23,Female,64,Electronics,4,50,49,200,20,Night,Old,151.00,2023,February,Monday
1718,2023-10-25,19:03:00,20,Female,59,Beauty,3,25,26,75,19,Night,Adult,49.00,2023,October,Wednesday
617,2022-08-06,19:12:00,30,Male,34,Electronics,1,30,29,30,19,Night,Adult,1.00,2022,August,Saturday
624,2022-02-05,19:08:00,48,Female,34,Beauty,3,300,342,900,19,Night,Adult,558.00,2022,February,Saturday
825,2022-01-08,17:27:00,51,Female,46,Beauty,1,25,27,25,17,Afternoon,Adult,-2.00,2022,January,Saturday
1617,2022-05-01,17:09:00,77,Male,34,Electronics,1,30,35,30,17,Afternoon,Adult,-5.00,2022,May,Sunday
1624,2022-11-18,20:48:00,121,Female,34,Beauty,3,300,363,900,20,Night,Adult,537.00,2022,November,Friday
1825,2023-08-30,18:34:00,105,Female,46,Beauty,1,25,27,25,18,Afternoon,Adult,-2.00,2023,August,Wednesday
568,2023-08-11,20:03:00,32,Female,51,Electronics,1,300,372,300,20,Night,Adult,-72.00,2023,August,Friday
671,2023-09-23,19:51:00,2,Male,62,Electronics,3,50,62,150,19,Night,Old,88.00,2023,September,Saturday
756,2023-07-17,20:33:00,4,Female,62,Electronics,4,300,333,1200,20,Night,Old,867.00,2023,July,Monday
815,2023-04-05,21:15:00,139,Female,51,Clothing,3,25,24,75,21,Night,Adult,51.00,2023,April,Wednesday
1568,2022-10-09,22:34:00,51,Female,51,Electronics,1,300,336,300,22,Night,Adult,-36.00,2022,October,Sunday
1671,2023-02-28,20:55:00,47,Male,62,Electronics,3,50,63,150,20,Night,Old,87.00,2023,February,Tuesday
1756,2022-05-12,22:16:00,119,Female,62,Electronics,4,300,297,1200,22,Night,Old,903.00,2022,May,Thursday
1815,2023-05-24,22:19:00,6,Female,51,Clothing,3,25,31,75,22,Night,Adult,44.00,2023,May,Wednesday
146,2022-11-10,22:01:00,74,Male,38,Clothing,4,50,49,200,22,Night,Adult,151.00,2022,November,Thursday
263,2022-05-04,21:48:00,133,Male,23,Beauty,2,30,35,60,21,Night,Adult,25.00,2022,May,Wednesday
704,2023-09-11,22:40:00,141,Female,62,Clothing,3,30,35,90,22,Night,Old,55.00,2023,September,Monday
1146,2023-10-09,21:11:00,52,Male,38,Clothing,4,50,60,200,21,Night,Adult,140.00,2023,October,Monday
1263,2022-09-07,20:49:00,47,Male,23,Beauty,2,30,35,60,20,Night,Adult,25.00,2022,September,Wednesday
1704,2022-09-16,20:07:00,155,Female,62,Clothing,3,30,30,90,20,Night,Old,60.00,2022,September,Friday
476,2023-12-12,18:31:00,131,Female,27,Clothing,4,500,570,2000,18,Afternoon,Adult,1430.00,2023,December,Tuesday
733,2022-10-25,21:07:00,143,Male,34,Beauty,1,30,29,30,21,Night,Adult,1.00,2022,October,Tuesday
924,2022-09-17,22:18:00,151,Male,55,Beauty,2,50,55,100,22,Night,Adult,45.00,2022,September,Saturday
984,2023-11-20,19:29:00,83,Male,56,Clothing,1,500,480,500,19,Night,Adult,20.00,2023,November,Monday
1476,2022-11-11,22:27:00,130,Female,27,Clothing,4,500,555,2000,22,Night,Adult,1445.00,2022,November,Friday
1733,2023-09-03,20:52:00,146,Male,34,Beauty,1,30,37,30,20,Night,Adult,-7.00,2023,September,Sunday
1924,2022-11-28,22:25:00,107,Male,55,Beauty,2,50,55,100,22,Night,Adult,45.00,2022,November,Monday
1984,2023-09-09,20:10:00,126,Male,56,Clothing,1,500,530,500,20,Night,Adult,-30.00,2023,September,Saturday
251,2022-09-15,21:00:00,141,Female,57,Beauty,4,50,63,200,21,Night,Adult,137.00,2022,September,Thursday
253,2022-09-30,21:26:00,66,Female,53,Clothing,4,500,525,2000,21,Night,Adult,1475.00,2022,September,Friday
574,2023-09-17,20:12:00,24,Female,63,Electronics,2,25,25,50,20,Night,Old,25.00,2023,September,Sunday
751,2023-11-08,19:58:00,115,Female,42,Clothing,2,25,25,50,19,Night,Adult,25.00,2023,November,Wednesday
871,2023-11-02,23:00:00,57,Male,62,Beauty,2,30,34,60,23,Night,Old,26.00,2023,November,Thursday
1251,2022-09-11,21:08:00,137,Female,57,Beauty,4,50,58,200,21,Night,Adult,142.00,2022,September,Sunday
1253,2023-12-03,19:58:00,108,Female,53,Clothing,4,500,605,2000,19,Night,Adult,1395.00,2023,December,Sunday
1574,2022-10-26,21:51:00,150,Female,63,Electronics,2,25,25,50,21,Night,Old,25.00,2022,October,Wednesday
1751,2023-12-27,22:09:00,99,Female,42,Clothing,2,25,30,50,22,Night,Adult,20.00,2023,December,Wednesday
1871,2022-09-26,18:39:00,41,Male,62,Beauty,2,30,31,60,18,Afternoon,Old,29.00,2022,September,Monday
200,2022-10-09,22:29:00,130,Male,27,Beauty,3,50,60,150,22,Night,Adult,90.00,2022,October,Sunday
594,2023-09-07,21:49:00,72,Female,19,Electronics,2,300,291,600,21,Night,Adult,309.00,2023,September,Thursday
637,2022-12-02,18:54:00,21,Male,43,Clothing,2,300,321,600,18,Afternoon,Adult,279.00,2022,December,Friday
855,2022-11-21,19:43:00,13,Male,54,Beauty,1,25,26,25,19,Night,Adult,-1.00,2022,November,Monday
1200,2023-10-18,19:04:00,20,Male,27,Beauty,3,50,55,150,19,Night,Adult,95.00,2023,October,Wednesday
1594,2023-10-01,19:02:00,31,Female,19,Electronics,2,300,345,600,19,Night,Adult,255.00,2023,October,Sunday
1637,2022-10-25,20:50:00,97,Male,43,Clothing,2,300,297,600,20,Night,Adult,303.00,2022,October,Tuesday
1855,2023-12-27,21:15:00,44,Male,54,Beauty,1,25,31,25,21,Night,Adult,-6.00,2023,December,Wednesday
325,2023-09-16,22:02:00,6,Female,52,Electronics,2,25,31,50,22,Night,Adult,19.00,2023,September,Saturday
682,2023-10-23,20:51:00,60,Male,46,Beauty,4,300,354,1200,20,Night,Adult,846.00,2023,October,Monday
931,2023-10-07,21:34:00,48,Male,30,Beauty,4,30,29,120,21,Night,Adult,91.00,2023,October,Saturday
1325,2022-10-11,19:47:00,18,Female,52,Electronics,2,25,27,50,19,Night,Adult,23.00,2022,October,Tuesday
1682,2022-12-30,19:30:00,71,Male,46,Beauty,4,300,315,1200,19,Night,Adult,885.00,2022,December,Friday
1931,2022-12-01,19:15:00,61,Male,30,Beauty,4,30,34,120,19,Night,Adult,86.00,2022,December,Thursday
925,2022-12-20,17:12:00,54,Male,25,Electronics,1,300,315,300,17,Afternoon,Adult,-15.00,2022,December,Tuesday
1925,2023-12-21,17:05:00,81,Male,25,Electronics,1,300,366,300,17,Afternoon,Adult,-66.00,2023,December,Thursday
297,2022-09-12,21:09:00,70,Female,40,Electronics,2,500,595,1000,21,Night,Adult,405.00,2022,September,Monday
1297,2023-10-20,22:32:00,21,Female,40,Electronics,2,500,535,1000,22,Night,Adult,465.00,2023,October,Friday
814,2022-10-01,20:33:00,96,Female,59,Clothing,1,500,540,500,20,Night,Adult,-40.00,2022,October,Saturday
894,2022-09-22,22:53:00,111,Male,52,Electronics,1,30,31,30,22,Night,Adult,-1.00,2022,September,Thursday
1814,2022-09-07,17:53:00,43,Female,59,Clothing,1,500,620,500,17,Afternoon,Adult,-120.00,2022,September,Wednesday
1894,2023-12-29,18:11:00,92,Male,52,Electronics,1,30,30,30,18,Afternoon,Adult,0.00,2023,December,Friday
194,2023-10-11,19:27:00,116,Male,55,Clothing,4,50,52,200,19,Night,Adult,148.00,2023,October,Wednesday
245,2023-12-01,21:41:00,75,Male,47,Clothing,3,30,36,90,21,Night,Adult,54.00,2023,December,Friday
296,2022-12-31,22:44:00,73,Female,22,Clothing,4,300,369,1200,22,Night,Adult,831.00,2022,December,Saturday
644,2022-10-13,21:49:00,107,Male,23,Beauty,3,25,29,75,21,Night,Adult,46.00,2022,October,Thursday
696,2023-10-09,18:05:00,24,Female,50,Clothing,4,50,49,200,18,Afternoon,Adult,151.00,2023,October,Monday
1194,2023-10-09,22:06:00,130,Male,55,Clothing,4,50,62,200,22,Night,Adult,138.00,2023,October,Monday
1245,2022-10-25,20:47:00,129,Male,47,Clothing,3,30,36,90,20,Night,Adult,54.00,2022,October,Tuesday
1296,2022-11-26,20:42:00,45,Female,22,Clothing,4,300,342,1200,20,Night,Adult,858.00,2022,November,Saturday
1644,2022-09-11,19:32:00,124,Male,23,Beauty,3,25,29,75,19,Night,Adult,46.00,2022,September,Sunday
1696,2022-11-21,17:59:00,24,Female,50,Clothing,4,50,55,200,17,Afternoon,Adult,145.00,2022,November,Monday
312,2022-10-31,18:08:00,18,Male,41,Clothing,4,30,29,120,18,Afternoon,Adult,91.00,2022,October,Monday
692,2022-09-30,19:48:00,110,Female,64,Clothing,2,50,50,100,19,Night,Old,50.00,2022,September,Friday
835,2022-09-30,23:00:00,49,Male,37,Clothing,4,50,60,200,23,Night,Adult,140.00,2022,September,Friday
1312,2022-12-03,17:28:00,73,Male,41,Clothing,4,30,29,120,17,Afternoon,Adult,91.00,2022,December,Saturday
1692,2023-10-11,19:50:00,103,Female,64,Clothing,2,50,60,100,19,Night,Old,40.00,2023,October,Wednesday
1835,2022-09-18,20:58:00,98,Male,37,Clothing,4,50,50,200,20,Night,Adult,150.00,2022,September,Sunday
183,2022-09-01,19:22:00,28,Female,43,Beauty,3,300,375,900,19,Night,Adult,525.00,2022,September,Thursday
413,2023-11-28,21:52:00,60,Female,44,Beauty,3,25,26,75,21,Night,Adult,49.00,2023,November,Tuesday
799,2023-10-01,19:44:00,86,Male,56,Electronics,2,50,60,100,19,Night,Adult,40.00,2023,October,Sunday
851,2023-11-30,17:23:00,30,Male,32,Electronics,2,25,28,50,17,Afternoon,Adult,22.00,2023,November,Thursday
1183,2022-12-28,17:10:00,54,Female,43,Beauty,3,300,342,900,17,Afternoon,Adult,558.00,2022,December,Wednesday
1413,2023-11-12,19:33:00,104,Female,44,Beauty,3,25,31,75,19,Night,Adult,44.00,2023,November,Sunday
1799,2023-10-01,19:09:00,132,Male,56,Electronics,2,50,51,100,19,Night,Adult,49.00,2023,October,Sunday
1851,2022-09-10,21:36:00,87,Male,32,Electronics,2,25,25,50,21,Night,Adult,25.00,2022,September,Saturday
858,2023-09-08,18:48:00,85,Male,23,Electronics,2,50,51,100,18,Afternoon,Adult,49.00,2023,September,Friday
919,2023-10-28,21:13:00,82,Female,22,Beauty,2,25,28,50,21,Night,Adult,22.00,2023,October,Saturday
935,2022-09-10,21:16:00,2,Female,34,Beauty,1,50,56,50,21,Night,Adult,-6.00,2022,September,Saturday
1858,2023-09-14,20:47:00,49,Male,23,Electronics,2,50,52,100,20,Night,Adult,48.00,2023,September,Thursday
1919,2022-10-25,17:54:00,78,Female,22,Beauty,2,25,27,50,17,Afternoon,Adult,23.00,2022,October,Tuesday
1935,2022-12-16,22:40:00,96,Female,34,Beauty,1,50,48,50,22,Night,Adult,2.00,2022,December,Friday
132,2023-11-22,20:34:00,86,Male,42,Electronics,4,50,62,200,20,Night,Adult,138.00,2023,November,Wednesday
1132,2023-11-07,17:27:00,14,Male,42,Electronics,4,50,59,200,17,Afternoon,Adult,141.00,2023,November,Tuesday
604,2022-09-16,19:34:00,139,Female,29,Electronics,4,50,51,200,19,Night,Adult,149.00,2022,September,Friday
832,2022-11-13,17:25:00,106,Male,47,Beauty,4,500,600,2000,17,Afternoon,Adult,1400.00,2022,November,Sunday
1604,2022-12-29,18:43:00,2,Female,29,Electronics,4,50,56,200,18,Afternoon,Adult,144.00,2022,December,Thursday
1832,2023-11-10,21:17:00,57,Male,47,Beauty,4,500,480,2000,21,Night,Adult,1520.00,2023,November,Friday
113,2022-10-08,19:14:00,72,Female,41,Electronics,2,25,26,50,19,Night,Adult,24.00,2022,October,Saturday
1113,2023-12-08,17:41:00,141,Female,41,Electronics,2,25,28,50,17,Afternoon,Adult,22.00,2023,December,Friday
165,2022-09-24,19:01:00,75,Female,60,Clothing,4,300,318,1200,19,Night,Old,882.00,2022,September,Saturday
1165,2023-12-01,17:04:00,29,Female,60,Clothing,4,300,291,1200,17,Afternoon,Old,909.00,2023,December,Friday
326,2023-11-23,19:51:00,108,Female,18,Clothing,3,25,24,75,19,Night,Adult,51.00,2023,November,Thursday
1326,2023-09-01,22:35:00,66,Female,18,Clothing,3,25,29,75,22,Night,Adult,46.00,2023,September,Friday
19,2023-11-26,19:39:00,30,Female,62,Clothing,2,25,29,50,19,Night,Old,21.00,2023,November,Sunday
412,2022-09-04,19:36:00,30,Female,19,Electronics,4,500,570,2000,19,Night,Adult,1430.00,2022,September,Sunday
632,2023-10-25,20:13:00,78,Female,26,Electronics,4,25,25,100,20,Night,Adult,75.00,2023,October,Wednesday
1019,2023-12-14,21:22:00,56,Female,62,Clothing,2,25,26,50,21,Night,Old,24.00,2023,December,Thursday
1412,2022-10-13,19:59:00,75,Female,19,Electronics,4,500,615,2000,19,Night,Adult,1385.00,2022,October,Thursday
1632,2022-10-19,18:16:00,29,Female,26,Electronics,4,25,25,100,18,Afternoon,Adult,75.00,2022,October,Wednesday
167,2023-09-21,20:58:00,73,Female,43,Clothing,3,50,49,150,20,Night,Adult,101.00,2023,September,Thursday
172,2022-10-21,18:09:00,52,Male,32,Beauty,2,25,28,50,18,Afternoon,Adult,22.00,2022,October,Friday
375,2023-09-22,17:32:00,25,Male,32,Clothing,1,50,52,50,17,Afternoon,Adult,-2.00,2023,September,Friday
538,2023-12-22,18:20:00,102,Male,18,Clothing,3,50,57,150,18,Afternoon,Adult,93.00,2023,December,Friday
794,2022-11-02,21:47:00,145,Female,60,Beauty,1,300,315,300,21,Night,Old,-15.00,2022,November,Wednesday
1167,2023-09-29,21:21:00,9,Female,43,Clothing,3,50,54,150,21,Night,Adult,96.00,2023,September,Friday
1172,2022-10-19,21:12:00,150,Male,32,Beauty,2,25,29,50,21,Night,Adult,21.00,2022,October,Wednesday
1375,2022-10-01,17:50:00,79,Male,32,Clothing,1,50,59,50,17,Afternoon,Adult,-9.00,2022,October,Saturday
1538,2022-09-12,20:57:00,21,Male,18,Clothing,3,50,54,150,20,Night,Adult,96.00,2022,September,Monday
1794,2022-12-22,19:40:00,26,Female,60,Beauty,1,300,351,300,19,Night,Old,-51.00,2022,December,Thursday
131,2023-09-29,22:32:00,44,Female,21,Beauty,2,300,375,600,22,Night,Adult,225.00,2023,September,Friday
330,2022-10-11,20:18:00,116,Female,25,Beauty,4,50,55,200,20,Night,Adult,145.00,2022,October,Tuesday
494,2023-09-25,20:18:00,140,Female,42,Beauty,4,50,58,200,20,Night,Adult,142.00,2023,September,Monday
1131,2022-12-31,19:16:00,130,Female,21,Beauty,2,300,336,600,19,Night,Adult,264.00,2022,December,Saturday
1330,2023-11-24,17:49:00,20,Female,25,Beauty,4,50,48,200,17,Afternoon,Adult,152.00,2023,November,Friday
1494,2022-10-23,19:29:00,74,Female,42,Beauty,4,50,63,200,19,Night,Adult,137.00,2022,October,Sunday
513,2022-10-21,18:31:00,85,Male,24,Electronics,4,25,25,100,18,Afternoon,Adult,75.00,2022,October,Friday
573,2023-09-19,22:59:00,78,Male,49,Beauty,2,30,36,60,22,Night,Adult,24.00,2023,September,Tuesday
1513,2022-10-01,21:47:00,19,Male,24,Electronics,4,25,31,100,21,Night,Adult,69.00,2022,October,Saturday
1573,2022-10-13,21:45:00,148,Male,49,Beauty,2,30,31,60,21,Night,Adult,29.00,2022,October,Thursday
241,2023-12-19,20:21:00,108,Female,23,Electronics,3,25,27,75,20,Night,Adult,48.00,2023,December,Tuesday
579,2023-10-06,17:43:00,41,Female,38,Electronics,1,30,37,30,17,Afternoon,Adult,-7.00,2023,October,Friday
1241,2023-09-10,17:28:00,26,Female,23,Electronics,3,25,25,75,17,Afternoon,Adult,50.00,2023,September,Sunday
1579,2023-09-28,17:38:00,119,Female,38,Electronics,1,30,29,30,17,Afternoon,Adult,1.00,2023,September,Thursday
218,2022-11-24,20:39:00,144,Male,64,Beauty,3,30,34,90,20,Night,Old,56.00,2022,November,Thursday
846,2023-12-22,18:46:00,13,Male,42,Beauty,1,50,60,50,18,Afternoon,Adult,-10.00,2023,December,Friday
1218,2023-10-25,22:11:00,30,Male,64,Beauty,3,30,34,90,22,Night,Old,56.00,2023,October,Wednesday
1846,2023-11-16,17:51:00,83,Male,42,Beauty,1,50,50,50,17,Afternoon,Adult,0.00,2023,November,Thursday
616,2022-12-31,19:18:00,122,Male,41,Clothing,2,50,50,100,19,Night,Adult,50.00,2022,December,Saturday
1616,2022-09-22,18:41:00,121,Male,41,Clothing,2,50,59,100,18,Afternoon,Adult,41.00,2022,September,Thursday
523,2023-11-13,19:18:00,110,Female,62,Electronics,1,300,375,300,19,Night,Old,-75.00,2023,November,Monday
643,2022-10-05,22:26:00,63,Female,28,Electronics,3,30,29,90,22,Night,Adult,61.00,2022,October,Wednesday
1523,2023-12-31,20:40:00,150,Female,62,Electronics,1,300,330,300,20,Night,Old,-30.00,2023,December,Sunday
1643,2023-10-17,21:47:00,12,Female,28,Electronics,3,30,33,90,21,Night,Adult,57.00,2023,October,Tuesday
351,2023-11-11,22:16:00,38,Female,56,Clothing,3,30,37,90,22,Night,Adult,53.00,2023,November,Saturday
809,2022-12-14,22:51:00,124,Female,62,Beauty,2,50,50,100,22,Night,Old,50.00,2022,December,Wednesday
954,2023-09-05,21:03:00,87,Female,50,Electronics,3,300,321,900,21,Night,Adult,579.00,2023,September,Tuesday
1351,2022-10-02,20:58:00,88,Female,56,Clothing,3,30,29,90,20,Night,Adult,61.00,2022,October,Sunday
1809,2023-10-16,18:09:00,51,Female,62,Beauty,2,50,62,100,18,Afternoon,Old,38.00,2023,October,Monday
1954,2023-10-29,17:30:00,93,Female,50,Electronics,3,300,318,900,17,Afternoon,Adult,582.00,2023,October,Sunday
897,2023-09-12,17:53:00,15,Female,64,Electronics,2,50,52,100,17,Afternoon,Old,48.00,2023,September,Tuesday
1897,2023-10-27,17:12:00,137,Female,64,Electronics,2,50,62,100,17,Afternoon,Old,38.00,2023,October,Friday
147,2022-11-12,20:30:00,101,Male,23,Electronics,1,300,297,300,20,Night,Adult,3.00,2022,November,Saturday
204,2022-09-10,21:04:00,101,Male,39,Beauty,1,25,31,25,21,Night,Adult,-6.00,2022,September,Saturday
390,2022-10-07,20:53:00,88,Male,39,Electronics,2,50,51,100,20,Night,Adult,49.00,2022,October,Friday
1147,2023-11-25,22:14:00,35,Male,23,Electronics,1,300,330,300,22,Night,Adult,-30.00,2023,November,Saturday
1204,2023-12-10,19:24:00,72,Male,39,Beauty,1,25,28,25,19,Night,Adult,-3.00,2023,December,Sunday
1390,2022-10-24,22:47:00,117,Male,39,Electronics,2,50,54,100,22,Night,Adult,46.00,2022,October,Monday
179,2023-10-07,20:42:00,121,Male,31,Electronics,1,300,375,300,20,Night,Adult,-75.00,2023,October,Saturday
327,2023-09-13,18:30:00,107,Male,57,Electronics,3,50,56,150,18,Afternoon,Adult,94.00,2023,September,Wednesday
626,2022-10-30,21:01:00,65,Female,26,Clothing,4,500,555,2000,21,Night,Adult,1445.00,2022,October,Sunday
873,2023-12-06,20:20:00,137,Female,27,Electronics,4,25,29,100,20,Night,Adult,71.00,2023,December,Wednesday
1179,2023-12-12,17:28:00,122,Male,31,Electronics,1,300,354,300,17,Afternoon,Adult,-54.00,2023,December,Tuesday
1327,2023-12-23,21:16:00,118,Male,57,Electronics,3,50,58,150,21,Night,Adult,92.00,2023,December,Saturday
1626,2022-10-10,19:13:00,19,Female,26,Clothing,4,500,495,2000,19,Night,Adult,1505.00,2022,October,Monday
1873,2022-11-24,19:18:00,64,Female,27,Electronics,4,25,27,100,19,Night,Adult,73.00,2022,November,Thursday
196,2023-12-29,19:14:00,43,Female,32,Clothing,3,300,312,900,19,Night,Adult,588.00,2023,December,Friday
789,2023-12-06,22:13:00,34,Female,61,Clothing,4,500,510,2000,22,Night,Old,1490.00,2023,December,Wednesday
1196,2022-12-31,21:18:00,93,Female,32,Clothing,3,300,306,900,21,Night,Adult,594.00,2022,December,Saturday
1789,2023-11-10,17:02:00,144,Female,61,Clothing,4,500,615,2000,17,Afternoon,Old,1385.00,2023,November,Friday
89,2023-12-30,21:15:00,117,Female,55,Electronics,4,500,590,2000,21,Night,Adult,1410.00,2023,December,Saturday
707,2023-10-23,20:34:00,117,Female,26,Clothing,1,500,580,500,20,Night,Adult,-80.00,2023,October,Monday
909,2023-10-29,19:43:00,71,Male,26,Electronics,1,300,288,300,19,Night,Adult,12.00,2023,October,Sunday
1089,2023-10-21,18:44:00,108,Female,55,Electronics,4,500,555,2000,18,Afternoon,Adult,1445.00,2023,October,Saturday
1707,2023-09-17,18:35:00,144,Female,26,Clothing,1,500,535,500,18,Afternoon,Adult,-35.00,2023,September,Sunday
1909,2022-10-22,19:41:00,17,Male,26,Electronics,1,300,339,300,19,Night,Adult,-39.00,2022,October,Saturday
51,2022-10-12,22:09:00,78,Male,27,Beauty,3,25,25,75,22,Night,Adult,50.00,2022,October,Wednesday
154,2022-12-24,17:47:00,24,Male,51,Electronics,3,300,321,900,17,Afternoon,Adult,579.00,2022,December,Saturday
276,2023-10-18,21:27:00,40,Female,21,Beauty,4,25,28,100,21,Night,Adult,72.00,2023,October,Wednesday
497,2023-12-31,18:11:00,127,Male,41,Clothing,4,30,37,120,18,Afternoon,Adult,83.00,2023,December,Sunday
889,2023-09-20,22:32:00,39,Female,35,Electronics,1,50,58,50,22,Night,Adult,-8.00,2023,September,Wednesday
1051,2023-09-13,17:47:00,104,Male,27,Beauty,3,25,25,75,17,Afternoon,Adult,50.00,2023,September,Wednesday
1154,2023-12-16,21:44:00,29,Male,51,Electronics,3,300,291,900,21,Night,Adult,609.00,2023,December,Saturday
1276,2022-10-11,18:54:00,140,Female,21,Beauty,4,25,27,100,18,Afternoon,Adult,73.00,2022,October,Tuesday
1497,2022-11-19,21:44:00,109,Male,41,Clothing,4,30,32,120,21,Night,Adult,88.00,2022,November,Saturday
1889,2022-09-02,22:48:00,80,Female,35,Electronics,1,50,56,50,22,Night,Adult,-6.00,2022,September,Friday
122,2023-12-01,19:02:00,1,Male,64,Electronics,4,30,35,120,19,Night,Old,85.00,2023,December,Friday
373,2022-09-23,22:19:00,78,Female,25,Beauty,2,300,333,600,22,Night,Adult,267.00,2022,September,Friday
524,2023-09-17,19:52:00,12,Male,46,Beauty,4,300,297,1200,19,Night,Adult,903.00,2023,September,Sunday
688,2023-10-28,21:45:00,132,Male,56,Clothing,4,25,25,100,21,Night,Adult,75.00,2023,October,Saturday
813,2022-10-15,19:51:00,125,Male,52,Electronics,3,50,62,150,19,Night,Adult,88.00,2022,October,Saturday
1122,2022-09-07,19:53:00,138,Male,64,Electronics,4,30,32,120,19,Night,Old,88.00,2022,September,Wednesday
1373,2023-10-02,20:26:00,64,Female,25,Beauty,2,300,294,600,20,Night,Adult,306.00,2023,October,Monday
1524,2022-10-26,22:10:00,115,Male,46,Beauty,4,300,321,1200,22,Night,Adult,879.00,2022,October,Wednesday
1688,2022-12-17,17:25:00,150,Male,56,Clothing,4,25,27,100,17,Afternoon,Adult,73.00,2022,December,Saturday
1813,2022-11-22,22:24:00,86,Male,52,Electronics,3,50,62,150,22,Night,Adult,88.00,2022,November,Tuesday
178,2023-10-11,17:51:00,142,Male,40,Clothing,2,30,34,60,17,Afternoon,Adult,26.00,2023,October,Wednesday
208,2023-10-21,20:56:00,144,Female,34,Electronics,4,50,57,200,20,Night,Adult,143.00,2023,October,Saturday
247,2022-12-23,17:56:00,82,Male,41,Electronics,2,30,32,60,17,Afternoon,Adult,28.00,2022,December,Friday
290,2023-12-08,21:39:00,86,Female,30,Beauty,2,300,342,600,21,Night,Adult,258.00,2023,December,Friday
656,2023-11-12,20:58:00,27,Male,29,Beauty,3,30,29,90,20,Night,Adult,61.00,2023,November,Sunday
735,2022-11-26,21:38:00,153,Female,64,Clothing,4,500,515,2000,21,Night,Old,1485.00,2022,November,Saturday
1178,2023-12-29,21:15:00,137,Male,40,Clothing,2,30,33,60,21,Night,Adult,27.00,2023,December,Friday
1208,2022-10-15,17:44:00,9,Female,34,Electronics,4,50,48,200,17,Afternoon,Adult,152.00,2022,October,Saturday
1247,2023-09-02,18:17:00,78,Male,41,Electronics,2,30,36,60,18,Afternoon,Adult,24.00,2023,September,Saturday
1290,2022-12-30,22:40:00,66,Female,30,Beauty,2,300,318,600,22,Night,Adult,282.00,2022,December,Friday
1656,2023-09-16,20:03:00,141,Male,29,Beauty,3,30,35,90,20,Night,Adult,55.00,2023,September,Saturday
1735,2023-09-05,17:26:00,86,Female,64,Clothing,4,500,505,2000,17,Afternoon,Old,1495.00,2023,September,Tuesday
319,2022-11-07,18:50:00,145,Male,31,Clothing,1,500,500,500,18,Afternoon,Adult,0.00,2022,November,Monday
670,2023-09-29,17:24:00,59,Male,27,Beauty,1,30,36,30,17,Afternoon,Adult,-6.00,2023,September,Friday
1319,2023-11-25,17:17:00,76,Male,31,Clothing,1,500,585,500,17,Afternoon,Adult,-85.00,2023,November,Saturday
1670,2023-10-24,21:32:00,58,Male,27,Beauty,1,30,34,30,21,Night,Adult,-4.00,2023,October,Tuesday
385,2022-11-20,19:06:00,127,Male,50,Electronics,3,500,525,1500,19,Night,Adult,975.00,2022,November,Sunday
1385,2023-11-07,19:22:00,55,Male,50,Electronics,3,500,505,1500,19,Night,Adult,995.00,2023,November,Tuesday
10,2022-10-24,22:55:00,81,Female,52,Clothing,4,50,63,200,22,Night,Adult,137.00,2022,October,Monday
26,2023-10-14,17:54:00,51,Female,28,Electronics,2,500,600,1000,17,Afternoon,Adult,400.00,2023,October,Saturday
437,2023-11-26,18:53:00,56,Female,35,Electronics,4,300,345,1200,18,Afternoon,Adult,855.00,2023,November,Sunday
689,2022-10-16,20:17:00,55,Male,57,Electronics,2,50,53,100,20,Night,Adult,47.00,2022,October,Sunday
1010,2022-10-21,22:11:00,65,Female,52,Clothing,4,50,55,200,22,Night,Adult,145.00,2022,October,Friday
1026,2022-11-24,19:10:00,60,Female,28,Electronics,2,500,520,1000,19,Night,Adult,480.00,2022,November,Thursday
1437,2023-09-04,19:19:00,76,Female,35,Electronics,4,300,372,1200,19,Night,Adult,828.00,2023,September,Monday
1689,2023-12-19,20:54:00,114,Male,57,Electronics,2,50,48,100,20,Night,Adult,52.00,2023,December,Tuesday
558,2023-10-26,17:47:00,108,Female,41,Clothing,1,25,26,25,17,Afternoon,Adult,-1.00,2023,October,Thursday
634,2022-10-10,19:25:00,68,Male,60,Electronics,4,500,535,2000,19,Night,Old,1465.00,2022,October,Monday
1558,2022-12-22,20:37:00,91,Female,41,Clothing,1,25,28,25,20,Night,Adult,-3.00,2022,December,Thursday
1634,2023-11-03,17:18:00,90,Male,60,Electronics,4,500,520,2000,17,Afternoon,Old,1480.00,2023,November,Friday
201,2022-10-13,19:08:00,105,Male,56,Electronics,1,25,30,25,19,Night,Adult,-5.00,2022,October,Thursday
286,2022-10-05,22:56:00,92,Male,55,Electronics,2,25,28,50,22,Night,Adult,22.00,2022,October,Wednesday
876,2023-10-03,19:39:00,104,Male,43,Clothing,4,30,30,120,19,Night,Adult,90.00,2023,October,Tuesday
1201,2023-10-31,17:28:00,115,Male,56,Electronics,1,25,28,25,17,Afternoon,Adult,-3.00,2023,October,Tuesday
1286,2022-12-26,17:23:00,111,Male,55,Electronics,2,25,29,50,17,Afternoon,Adult,21.00,2022,December,Monday
1876,2023-11-05,19:53:00,68,Male,43,Clothing,4,30,32,120,19,Night,Adult,88.00,2023,November,Sunday
55,2023-09-28,20:32:00,57,Male,31,Beauty,4,30,32,120,20,Night,Adult,88.00,2023,September,Thursday
428,2022-12-02,22:44:00,50,Female,40,Electronics,4,50,50,200,22,Night,Adult,150.00,2022,December,Friday
441,2023-11-06,22:00:00,85,Male,57,Beauty,4,300,351,1200,22,Night,Adult,849.00,2023,November,Monday
976,2023-10-08,19:50:00,56,Female,48,Beauty,2,300,345,600,19,Night,Adult,255.00,2023,October,Sunday
1055,2022-10-23,21:35:00,97,Male,31,Beauty,4,30,38,120,21,Night,Adult,82.00,2022,October,Sunday
1428,2023-09-09,18:44:00,96,Female,40,Electronics,4,50,57,200,18,Afternoon,Adult,143.00,2023,September,Saturday
1441,2023-10-04,21:38:00,63,Male,57,Beauty,4,300,354,1200,21,Night,Adult,846.00,2023,October,Wednesday
1976,2023-10-15,21:10:00,108,Female,48,Beauty,2,300,360,600,21,Night,Adult,240.00,2023,October,Sunday
149,2023-10-14,17:52:00,73,Male,22,Clothing,3,25,27,75,17,Afternoon,Adult,48.00,2023,October,Saturday
227,2023-11-15,19:19:00,87,Male,36,Electronics,2,50,51,100,19,Night,Adult,49.00,2023,November,Wednesday
393,2022-10-19,18:52:00,85,Female,22,Beauty,2,500,595,1000,18,Afternoon,Adult,405.00,2022,October,Wednesday
401,2023-12-03,19:03:00,51,Female,62,Clothing,1,300,372,300,19,Night,Old,-72.00,2023,December,Sunday
546,2022-12-30,22:32:00,57,Female,36,Electronics,4,50,54,200,22,Night,Adult,146.00,2022,December,Friday
872,2023-12-10,22:18:00,113,Female,63,Beauty,3,25,25,75,22,Night,Old,50.00,2023,December,Sunday
914,2022-09-07,22:25:00,83,Female,59,Electronics,1,500,510,500,22,Night,Adult,-10.00,2022,September,Wednesday
1149,2023-09-14,19:23:00,98,Male,22,Clothing,3,25,30,75,19,Night,Adult,45.00,2023,September,Thursday
1227,2023-10-01,20:09:00,103,Male,36,Electronics,2,50,48,100,20,Night,Adult,52.00,2023,October,Sunday
1393,2022-10-08,17:24:00,56,Female,22,Beauty,2,500,580,1000,17,Afternoon,Adult,420.00,2022,October,Saturday
1401,2022-10-01,21:20:00,85,Female,62,Clothing,1,300,294,300,21,Night,Old,6.00,2022,October,Saturday
1546,2022-12-18,19:06:00,93,Female,36,Electronics,4,50,48,200,19,Night,Adult,152.00,2022,December,Sunday
1872,2022-11-22,17:02:00,57,Female,63,Beauty,3,25,26,75,17,Afternoon,Old,49.00,2022,November,Tuesday
1914,2023-11-05,17:49:00,70,Female,59,Electronics,1,500,510,500,17,Afternoon,Adult,-10.00,2023,November,Sunday
310,2022-11-10,21:34:00,76,Female,28,Beauty,1,25,31,25,21,Night,Adult,-6.00,2022,November,Thursday
844,2023-10-09,17:54:00,95,Male,35,Clothing,3,50,62,150,17,Afternoon,Adult,88.00,2023,October,Monday
852,2022-10-01,19:35:00,82,Female,41,Clothing,1,300,375,300,19,Night,Adult,-75.00,2022,October,Saturday
1310,2022-10-29,21:31:00,74,Female,28,Beauty,1,25,25,25,21,Night,Adult,0.00,2022,October,Saturday
1844,2022-10-25,20:30:00,70,Male,35,Clothing,3,50,51,150,20,Night,Adult,99.00,2022,October,Tuesday
1852,2023-10-11,18:09:00,109,Female,41,Clothing,1,300,333,300,18,Afternoon,Adult,-33.00,2023,October,Wednesday
97,2022-11-26,18:17:00,112,Female,51,Beauty,2,500,555,1000,18,Afternoon,Adult,445.00,2022,November,Saturday
619,2023-10-09,18:10:00,56,Male,47,Electronics,4,25,26,100,18,Afternoon,Adult,74.00,2023,October,Monday
948,2023-12-10,22:06:00,52,Female,23,Electronics,3,25,29,75,22,Night,Adult,46.00,2023,December,Sunday
1097,2022-12-26,20:53:00,86,Female,51,Beauty,2,500,485,1000,20,Night,Adult,515.00,2022,December,Monday
1619,2022-10-20,18:07:00,61,Male,47,Electronics,4,25,24,100,18,Afternoon,Adult,76.00,2022,October,Thursday
1948,2023-09-17,21:09:00,100,Female,23,Electronics,3,25,25,75,21,Night,Adult,50.00,2023,September,Sunday
456,2023-12-15,19:45:00,51,Male,57,Electronics,2,30,34,60,19,Night,Adult,26.00,2023,December,Friday
627,2022-10-24,18:14:00,79,Male,57,Clothing,1,50,56,50,18,Afternoon,Adult,-6.00,2022,October,Monday
1456,2022-09-02,18:49:00,85,Male,57,Electronics,2,30,37,60,18,Afternoon,Adult,23.00,2022,September,Friday
1627,2022-11-18,17:21:00,84,Male,57,Clothing,1,50,60,50,17,Afternoon,Adult,-10.00,2022,November,Friday
22,2023-11-25,17:11:00,66,Male,18,Clothing,2,50,61,100,17,Afternoon,Adult,39.00,2023,November,Saturday
121,2023-10-07,18:57:00,110,Female,28,Electronics,4,50,55,200,18,Afternoon,Adult,145.00,2023,October,Saturday
431,2022-10-29,22:02:00,99,Male,63,Electronics,4,300,345,1200,22,Night,Old,855.00,2022,October,Saturday
1022,2023-09-05,17:49:00,69,Male,18,Clothing,2,50,53,100,17,Afternoon,Adult,47.00,2023,September,Tuesday
1121,2022-11-23,21:10:00,95,Female,28,Electronics,4,50,51,200,21,Night,Adult,149.00,2022,November,Wednesday
1431,2023-09-28,21:28:00,114,Male,63,Electronics,4,300,312,1200,21,Night,Old,888.00,2023,September,Thursday
370,2023-10-24,21:04:00,61,Male,23,Electronics,2,30,35,60,21,Night,Adult,25.00,2023,October,Tuesday
711,2023-09-23,22:26:00,103,Male,26,Electronics,3,500,575,1500,22,Night,Adult,925.00,2023,September,Saturday
754,2023-09-26,18:40:00,90,Female,43,Electronics,4,25,24,100,18,Afternoon,Adult,76.00,2023,September,Tuesday
943,2022-11-05,19:29:00,90,Female,57,Clothing,4,300,318,1200,19,Night,Adult,882.00,2022,November,Saturday
1370,2022-11-04,22:51:00,90,Male,23,Electronics,2,30,36,60,22,Night,Adult,24.00,2022,November,Friday
1711,2023-09-22,20:33:00,113,Male,26,Electronics,3,500,570,1500,20,Night,Adult,930.00,2023,September,Friday
1754,2022-12-01,21:03:00,107,Female,43,Electronics,4,25,29,100,21,Night,Adult,71.00,2022,December,Thursday
1943,2023-11-17,21:00:00,108,Female,57,Clothing,4,300,321,1200,21,Night,Adult,879.00,2023,November,Friday
350,2022-11-20,17:41:00,61,Male,25,Beauty,3,25,29,75,17,Afternoon,Adult,46.00,2022,November,Sunday
786,2022-12-16,20:38:00,78,Male,48,Clothing,4,25,29,100,20,Night,Adult,71.00,2022,December,Friday
1350,2023-11-08,22:02:00,93,Male,25,Beauty,3,25,29,75,22,Night,Adult,46.00,2023,November,Wednesday
1786,2022-09-27,21:26:00,69,Male,48,Clothing,4,25,29,100,21,Night,Adult,71.00,2022,September,Tuesday
109,2023-09-06,19:57:00,94,Female,34,Electronics,4,500,560,2000,19,Night,Adult,1440.00,2023,September,Wednesday
191,2023-12-22,21:24:00,71,Male,64,Beauty,1,25,28,25,21,Night,Old,-3.00,2023,December,Friday
1109,2023-12-13,22:13:00,114,Female,34,Electronics,4,500,590,2000,22,Night,Adult,1410.00,2023,December,Wednesday
1191,2023-09-25,17:20:00,88,Male,64,Beauty,1,25,25,25,17,Afternoon,Old,0.00,2023,September,Monday
340,2023-09-19,22:59:00,54,Female,36,Clothing,4,300,294,1200,22,Night,Adult,906.00,2023,September,Tuesday
555,2022-12-14,19:35:00,103,Male,25,Beauty,1,300,360,300,19,Night,Adult,-60.00,2022,December,Wednesday
826,2022-12-24,19:08:00,81,Female,46,Clothing,1,300,303,300,19,Night,Adult,-3.00,2022,December,Saturday
962,2023-12-15,22:02:00,76,Male,44,Clothing,2,30,35,60,22,Night,Adult,25.00,2023,December,Friday
1340,2023-10-30,20:55:00,92,Female,36,Clothing,4,300,348,1200,20,Night,Adult,852.00,2023,October,Monday
1555,2022-12-19,18:54:00,55,Male,25,Beauty,1,300,312,300,18,Afternoon,Adult,-12.00,2022,December,Monday
1826,2022-12-30,22:05:00,104,Female,46,Clothing,1,300,297,300,22,Night,Adult,3.00,2022,December,Friday
1962,2022-09-07,18:59:00,65,Male,44,Clothing,2,30,33,60,18,Afternoon,Adult,27.00,2022,September,Wednesday
249,2022-09-28,20:17:00,109,Male,20,Clothing,1,50,54,50,20,Night,Adult,-4.00,2022,September,Wednesday
1249,2022-12-10,21:44:00,95,Male,20,Clothing,1,50,60,50,21,Night,Adult,-10.00,2022,December,Saturday
922,2023-10-19,22:54:00,103,Male,41,Electronics,1,50,61,50,22,Night,Adult,-11.00,2023,October,Thursday
1922,2023-10-28,20:07:00,72,Male,41,Electronics,1,50,49,50,20,Night,Adult,1.00,2023,October,Saturday
600,2023-10-09,18:39:00,64,Female,59,Beauty,2,500,525,1000,18,Afternoon,Adult,475.00,2023,October,Monday
680,2022-12-01,22:04:00,110,Female,53,Clothing,3,300,330,900,22,Night,Adult,570.00,2022,December,Thursday
770,2022-12-11,22:49:00,71,Male,32,Clothing,1,50,55,50,22,Night,Adult,-5.00,2022,December,Sunday
1600,2022-12-18,17:44:00,67,Female,59,Beauty,2,500,575,1000,17,Afternoon,Adult,425.00,2022,December,Sunday
1680,2023-09-03,17:12:00,72,Female,53,Clothing,3,300,324,900,17,Afternoon,Adult,576.00,2023,September,Sunday
1770,2023-11-30,20:08:00,65,Male,32,Clothing,1,50,56,50,20,Night,Adult,-6.00,2023,November,Thursday
60,2022-12-04,18:15:00,91,Male,30,Beauty,3,50,61,150,18,Afternoon,Adult,89.00,2022,December,Sunday
250,2022-12-24,23:00:00,91,Male,48,Electronics,1,50,61,50,23,Night,Adult,-11.00,2022,December,Saturday
516,2023-09-20,18:38:00,85,Male,30,Beauty,4,25,24,100,18,Afternoon,Adult,76.00,2023,September,Wednesday
937,2022-10-18,19:57:00,50,Female,62,Beauty,1,500,510,500,19,Night,Old,-10.00,2022,October,Tuesday
1060,2022-11-12,18:29:00,71,Male,30,Beauty,3,50,57,150,18,Afternoon,Adult,93.00,2022,November,Saturday
1250,2022-11-19,20:39:00,96,Male,48,Electronics,1,50,49,50,20,Night,Adult,1.00,2022,November,Saturday
1516,2022-11-09,17:19:00,54,Male,30,Beauty,4,25,25,100,17,Afternoon,Adult,75.00,2022,November,Wednesday
1937,2022-09-07,17:57:00,52,Female,62,Beauty,1,500,620,500,17,Afternoon,Old,-120.00,2022,September,Wednesday
318,2023-10-22,21:26:00,57,Male,61,Clothing,1,25,29,25,21,Night,Old,-4.00,2023,October,Sunday
342,2023-11-05,17:24:00,85,Female,43,Clothing,4,500,500,2000,17,Afternoon,Adult,1500.00,2023,November,Sunday
564,2023-09-12,20:14:00,114,Male,50,Electronics,2,50,56,100,20,Night,Adult,44.00,2023,September,Tuesday
767,2022-11-07,22:44:00,72,Male,39,Beauty,3,25,25,75,22,Night,Adult,50.00,2022,November,Monday
1318,2022-12-25,22:57:00,55,Male,61,Clothing,1,25,27,25,22,Night,Old,-2.00,2022,December,Sunday
1342,2022-09-18,23:00:00,114,Female,43,Clothing,4,500,485,2000,23,Night,Adult,1515.00,2022,September,Sunday
1564,2022-10-04,22:55:00,115,Male,50,Electronics,2,50,50,100,22,Night,Adult,50.00,2022,October,Tuesday
1767,2022-12-10,17:35:00,87,Male,39,Beauty,3,25,28,75,17,Afternoon,Adult,47.00,2022,December,Saturday
503,2023-10-08,20:06:00,63,Male,45,Beauty,4,500,570,2000,20,Night,Adult,1430.00,2023,October,Sunday
869,2022-09-08,22:16:00,51,Male,37,Beauty,3,500,485,1500,22,Night,Adult,1015.00,2022,September,Thursday
1503,2022-10-17,18:28:00,67,Male,45,Beauty,4,500,605,2000,18,Afternoon,Adult,1395.00,2022,October,Monday
1869,2022-10-23,19:51:00,113,Male,37,Beauty,3,500,605,1500,19,Night,Adult,895.00,2022,October,Sunday
126,2022-11-01,18:16:00,63,Female,28,Clothing,3,30,29,90,18,Afternoon,Adult,61.00,2022,November,Tuesday
349,2023-12-04,17:05:00,78,Female,57,Beauty,1,50,49,50,17,Afternoon,Adult,1.00,2023,December,Monday
440,2023-11-22,20:15:00,110,Male,64,Clothing,2,300,348,600,20,Night,Old,252.00,2023,November,Wednesday
1126,2022-09-12,17:12:00,62,Female,28,Clothing,3,30,29,90,17,Afternoon,Adult,61.00,2022,September,Monday
1349,2023-12-08,21:57:00,112,Female,57,Beauty,1,50,50,50,21,Night,Adult,0.00,2023,December,Friday
1440,2023-09-01,19:20:00,86,Male,64,Clothing,2,300,354,600,19,Night,Old,246.00,2023,September,Friday
124,2022-12-24,21:17:00,83,Male,33,Clothing,4,500,515,2000,21,Night,Adult,1485.00,2022,December,Saturday
324,2022-11-15,17:52:00,54,Female,52,Electronics,3,50,49,150,17,Afternoon,Adult,101.00,2022,November,Tuesday
677,2022-12-17,21:13:00,65,Female,19,Beauty,3,500,555,1500,21,Night,Adult,945.00,2022,December,Saturday
1124,2023-10-06,20:04:00,83,Male,33,Clothing,4,500,515,2000,20,Night,Adult,1485.00,2023,October,Friday
1324,2023-09-25,20:29:00,56,Female,52,Electronics,3,50,55,150,20,Night,Adult,95.00,2023,September,Monday
1677,2022-10-02,20:51:00,84,Female,19,Beauty,3,500,490,1500,20,Night,Adult,1010.00,2022,October,Sunday
30,2023-10-10,20:05:00,59,Female,39,Beauty,3,300,285,900,20,Night,Adult,615.00,2023,October,Tuesday
226,2022-09-23,17:02:00,69,Female,61,Clothing,1,50,58,50,17,Afternoon,Old,-8.00,2022,September,Friday
229,2023-11-09,19:23:00,92,Male,58,Beauty,3,30,37,90,19,Night,Adult,53.00,2023,November,Thursday
896,2023-12-30,19:17:00,56,Female,30,Electronics,2,25,31,50,19,Night,Adult,19.00,2023,December,Saturday
959,2022-09-18,17:59:00,54,Female,42,Electronics,2,30,29,60,17,Afternoon,Adult,31.00,2022,September,Sunday
998,2023-10-21,17:32:00,61,Female,23,Beauty,4,25,31,100,17,Afternoon,Adult,69.00,2023,October,Saturday
1030,2022-11-27,18:02:00,96,Female,39,Beauty,3,300,309,900,18,Afternoon,Adult,591.00,2022,November,Sunday
1226,2023-11-30,17:52:00,102,Female,61,Clothing,1,50,51,50,17,Afternoon,Old,-1.00,2023,November,Thursday
1229,2023-11-02,21:08:00,62,Male,58,Beauty,3,30,35,90,21,Night,Adult,55.00,2023,November,Thursday
1896,2022-11-05,20:19:00,87,Female,30,Electronics,2,25,31,50,20,Night,Adult,19.00,2022,November,Saturday
1959,2022-10-08,19:56:00,95,Female,42,Electronics,2,30,34,60,19,Night,Adult,26.00,2022,October,Saturday
1998,2023-10-20,19:53:00,90,Female,23,Beauty,4,25,24,100,19,Night,Adult,76.00,2023,October,Friday
12,2022-12-09,22:09:00,114,Male,35,Beauty,3,25,25,75,22,Night,Adult,50.00,2022,December,Friday
1012,2022-12-08,18:47:00,56,Male,35,Beauty,3,25,27,75,18,Afternoon,Adult,48.00,2022,December,Thursday
710,2022-09-03,21:11:00,71,Female,26,Electronics,3,500,495,1500,21,Night,Adult,1005.00,2022,September,Saturday
776,2023-09-08,18:57:00,109,Male,35,Clothing,3,30,31,90,18,Afternoon,Adult,59.00,2023,September,Friday
817,2022-10-05,21:12:00,87,Male,30,Beauty,4,50,49,200,21,Night,Adult,151.00,2022,October,Wednesday
1710,2022-10-23,20:14:00,104,Female,26,Electronics,3,500,610,1500,20,Night,Adult,890.00,2022,October,Sunday
1776,2022-10-23,20:07:00,111,Male,35,Clothing,3,30,32,90,20,Night,Adult,58.00,2022,October,Sunday
1817,2022-09-11,21:22:00,82,Male,30,Beauty,4,50,50,200,21,Night,Adult,150.00,2022,September,Sunday
334,2022-10-16,20:37:00,103,Male,31,Electronics,3,300,360,900,20,Night,Adult,540.00,2022,October,Sunday
343,2022-11-09,18:44:00,68,Male,21,Electronics,2,25,30,50,18,Afternoon,Adult,20.00,2022,November,Wednesday
628,2023-12-23,18:00:00,66,Female,19,Beauty,4,50,60,200,18,Afternoon,Adult,140.00,2023,December,Saturday
983,2022-10-10,20:12:00,61,Female,29,Clothing,1,300,345,300,20,Night,Adult,-45.00,2022,October,Monday
1334,2022-09-21,20:37:00,60,Male,31,Electronics,3,300,366,900,20,Night,Adult,534.00,2022,September,Wednesday
1343,2023-10-21,20:10:00,87,Male,21,Electronics,2,25,29,50,20,Night,Adult,21.00,2023,October,Saturday
1628,2022-12-28,22:23:00,51,Female,19,Beauty,4,50,59,200,22,Night,Adult,141.00,2022,December,Wednesday
1983,2022-12-21,21:38:00,114,Female,29,Clothing,1,300,303,300,21,Night,Adult,-3.00,2022,December,Wednesday
141,2022-11-01,19:26:00,54,Female,22,Electronics,1,50,59,50,19,Night,Adult,-9.00,2022,November,Tuesday
145,2022-11-06,19:21:00,64,Female,39,Clothing,3,25,28,75,19,Night,Adult,47.00,2022,November,Sunday
507,2022-12-11,21:40:00,52,Female,37,Electronics,3,500,485,1500,21,Night,Adult,1015.00,2022,December,Sunday
841,2022-12-18,20:58:00,108,Male,31,Electronics,4,25,29,100,20,Night,Adult,71.00,2022,December,Sunday
898,2023-09-17,20:55:00,53,Female,42,Clothing,3,30,35,90,20,Night,Adult,55.00,2023,September,Sunday
951,2022-09-18,21:35:00,58,Male,33,Beauty,2,50,58,100,21,Night,Adult,42.00,2022,September,Sunday
1141,2023-09-17,19:13:00,65,Female,22,Electronics,1,50,58,50,19,Night,Adult,-8.00,2023,September,Sunday
1145,2023-09-01,19:19:00,87,Female,39,Clothing,3,25,31,75,19,Night,Adult,44.00,2023,September,Friday
1507,2022-12-27,22:14:00,95,Female,37,Electronics,3,500,520,1500,22,Night,Adult,980.00,2022,December,Tuesday
1841,2023-11-14,18:55:00,94,Male,31,Electronics,4,25,28,100,18,Afternoon,Adult,72.00,2023,November,Tuesday
1898,2023-11-13,18:17:00,81,Female,42,Clothing,3,30,35,90,18,Afternoon,Adult,55.00,2023,November,Monday
1951,2022-12-03,18:56:00,54,Male,33,Beauty,2,50,60,100,18,Afternoon,Adult,40.00,2022,December,Saturday
181,2023-11-06,19:59:00,79,Male,19,Electronics,4,300,327,1200,19,Night,Adult,873.00,2023,November,Monday
1181,2022-11-06,18:28:00,84,Male,19,Electronics,4,300,354,1200,18,Afternoon,Adult,846.00,2022,November,Sunday
784,2023-10-18,22:44:00,71,Female,34,Electronics,1,500,610,500,22,Night,Adult,-110.00,2023,October,Wednesday
1784,2023-12-28,20:58:00,100,Female,34,Electronics,1,500,500,500,20,Night,Adult,0.00,2023,December,Thursday
20,2023-12-12,21:35:00,85,Male,22,Clothing,3,300,345,900,21,Night,Adult,555.00,2023,December,Tuesday
690,2023-12-19,18:39:00,91,Female,52,Clothing,3,300,324,900,18,Afternoon,Adult,576.00,2023,December,Tuesday
1020,2022-11-22,18:30:00,86,Male,22,Clothing,3,300,300,900,18,Afternoon,Adult,600.00,2022,November,Tuesday
1690,2023-09-05,17:36:00,101,Female,52,Clothing,3,300,369,900,17,Afternoon,Adult,531.00,2023,September,Tuesday
47,2022-10-22,17:22:00,96,Female,40,Beauty,3,500,600,1500,17,Afternoon,Adult,900.00,2022,October,Saturday
405,2022-10-17,17:55:00,79,Female,25,Clothing,4,300,324,1200,17,Afternoon,Adult,876.00,2022,October,Monday
1047,2022-12-04,21:53:00,84,Female,40,Beauty,3,500,490,1500,21,Night,Adult,1010.00,2022,December,Sunday
1405,2023-10-28,20:08:00,91,Female,25,Clothing,4,300,342,1200,20,Night,Adult,858.00,2023,October,Saturday
205,2022-11-22,17:20:00,88,Female,43,Clothing,1,25,26,25,17,Afternoon,Adult,-1.00,2022,November,Tuesday
512,2022-12-06,18:00:00,56,Female,57,Beauty,1,25,10,25,18,Afternoon,Adult,15.00,2022,December,Tuesday
565,2023-09-05,20:24:00,75,Female,45,Beauty,2,30,9,60,20,Night,Adult,51.00,2023,September,Tuesday
761,2022-11-14,22:16:00,64,Female,33,Clothing,1,500,275,500,22,Night,Adult,225.00,2022,November,Monday
762,2023-11-27,17:49:00,56,Female,24,Electronics,2,25,10,50,17,Afternoon,Adult,40.00,2023,November,Monday
950,2022-09-22,21:27:00,75,Male,36,Clothing,3,300,144,900,21,Night,Adult,756.00,2022,September,Thursday
1205,2022-11-25,19:19:00,97,Female,43,Clothing,1,25,7,25,19,Night,Adult,18.00,2022,November,Friday
1512,2023-12-20,20:05:00,105,Female,57,Beauty,1,25,13,25,20,Night,Adult,12.00,2023,December,Wednesday
1565,2023-09-04,20:45:00,74,Female,45,Beauty,2,30,11,60,20,Night,Adult,49.00,2023,September,Monday
1761,2023-12-09,18:46:00,72,Female,33,Clothing,1,500,200,500,18,Afternoon,Adult,300.00,2023,December,Saturday
1762,2023-11-15,18:43:00,81,Female,24,Electronics,2,25,11,50,18,Afternoon,Adult,39.00,2023,November,Wednesday
1950,2022-12-04,19:23:00,50,Male,36,Clothing,3,300,84,900,19,Night,Adult,816.00,2022,December,Sunday
86,2023-09-29,18:55:00,69,Male,19,Beauty,3,30,16,90,18,Afternoon,Adult,74.00,2023,September,Friday
173,2023-12-19,17:30:00,85,Male,64,Electronics,4,30,14,120,17,Afternoon,Old,106.00,2023,December,Tuesday
1086,2023-09-14,19:50:00,84,Male,19,Beauty,3,30,17,90,19,Night,Adult,73.00,2023,September,Thursday
1173,2022-12-04,21:03:00,70,Male,64,Electronics,4,30,15,120,21,Night,Old,105.00,2022,December,Sunday
595,2022-10-15,21:35:00,65,Female,18,Clothing,4,500,210,2000,21,Night,Adult,1790.00,2022,October,Saturday
827,2023-10-28,19:24:00,96,Male,61,Beauty,3,300,165,900,19,Night,Old,735.00,2023,October,Saturday
965,2022-11-27,21:45:00,84,Male,22,Clothing,4,50,13,200,21,Night,Adult,187.00,2022,November,Sunday
1595,2023-10-04,17:44:00,115,Female,18,Clothing,4,500,255,2000,17,Afternoon,Adult,1745.00,2023,October,Wednesday
1827,2022-11-09,20:02:00,62,Male,61,Beauty,3,300,132,900,20,Night,Old,768.00,2022,November,Wednesday
1965,2022-12-12,20:03:00,93,Male,22,Clothing,4,50,22,200,20,Night,Adult,178.00,2022,December,Monday
388,2022-12-03,19:04:00,60,Male,50,Electronics,1,25,12,25,19,Night,Adult,13.00,2022,December,Saturday
631,2023-10-22,22:18:00,92,Male,56,Electronics,3,30,17,90,22,Night,Adult,73.00,2023,October,Sunday
1388,2023-10-13,18:12:00,89,Male,50,Electronics,1,25,7,25,18,Afternoon,Adult,18.00,2023,October,Friday
1631,2022-11-01,19:11:00,75,Male,56,Electronics,3,30,12,90,19,Night,Adult,78.00,2022,November,Tuesday
554,2022-12-06,21:04:00,94,Female,46,Beauty,3,50,13,150,21,Night,Adult,137.00,2022,December,Tuesday
812,2023-10-02,17:45:00,89,Male,19,Electronics,3,25,11,75,17,Afternoon,Adult,64.00,2023,October,Monday
1554,2023-11-27,19:55:00,83,Female,46,Beauty,3,50,16,150,19,Night,Adult,134.00,2023,November,Monday
1812,2023-10-25,22:19:00,85,Male,19,Electronics,3,25,12,75,22,Night,Adult,63.00,2023,October,Wednesday
58,2023-09-16,19:18:00,53,Male,18,Clothing,4,300,75,1200,19,Night,Adult,1125.00,2023,September,Saturday
952,2022-12-21,18:09:00,69,Female,57,Clothing,1,25,13,25,18,Afternoon,Adult,12.00,2022,December,Wednesday
1058,2022-10-30,18:31:00,100,Male,18,Clothing,4,300,153,1200,18,Afternoon,Adult,1047.00,2022,October,Sunday
1952,2022-12-17,22:13:00,114,Female,57,Clothing,1,25,14,25,22,Night,Adult,11.00,2022,December,Saturday
345,2022-12-07,18:56:00,104,Male,62,Electronics,1,30,14,30,18,Afternoon,Old,16.00,2022,December,Wednesday
458,2023-11-28,21:35:00,110,Female,39,Electronics,4,25,7,100,21,Night,Adult,93.00,2023,November,Tuesday
582,2022-09-30,21:38:00,110,Male,35,Clothing,3,300,75,900,21,Night,Adult,825.00,2022,September,Friday
963,2023-10-19,18:24:00,76,Female,55,Beauty,1,50,13,50,18,Afternoon,Adult,37.00,2023,October,Thursday
1345,2022-09-29,17:50:00,98,Male,62,Electronics,1,30,11,30,17,Afternoon,Old,19.00,2022,September,Thursday
1458,2023-10-09,19:21:00,95,Female,39,Electronics,4,25,10,100,19,Night,Adult,90.00,2023,October,Monday
1582,2023-10-17,19:12:00,56,Male,35,Clothing,3,300,114,900,19,Night,Adult,786.00,2023,October,Tuesday
1963,2022-12-12,20:56:00,115,Female,55,Beauty,1,50,21,50,20,Night,Adult,29.00,2022,December,Monday
369,2023-12-13,19:42:00,111,Male,23,Electronics,3,500,215,1500,19,Night,Adult,1285.00,2023,December,Wednesday
706,2022-09-04,22:19:00,66,Male,51,Electronics,4,25,8,100,22,Night,Adult,92.00,2022,September,Sunday
747,2022-10-21,18:12:00,51,Male,23,Beauty,1,30,9,30,18,Afternoon,Adult,21.00,2022,October,Friday
1369,2022-10-10,21:14:00,64,Male,23,Electronics,3,500,180,1500,21,Night,Adult,1320.00,2022,October,Monday
1706,2022-10-16,18:04:00,57,Male,51,Electronics,4,25,12,100,18,Afternoon,Adult,88.00,2022,October,Sunday
1747,2023-09-05,18:22:00,87,Male,23,Beauty,1,30,16,30,18,Afternoon,Adult,14.00,2023,September,Tuesday
533,2022-11-13,17:19:00,92,Male,19,Electronics,3,500,155,1500,17,Afternoon,Adult,1345.00,2022,November,Sunday
1533,2022-10-29,19:35:00,67,Male,19,Electronics,3,500,255,1500,19,Night,Adult,1245.00,2022,October,Saturday
169,2022-11-28,18:47:00,73,Male,18,Beauty,3,500,145,1500,18,Afternoon,Adult,1355.00,2022,November,Monday
645,2022-12-14,22:11:00,51,Female,35,Electronics,4,30,11,120,22,Night,Adult,109.00,2022,December,Wednesday
968,2023-12-18,20:34:00,101,Female,48,Clothing,3,300,120,900,20,Night,Adult,780.00,2023,December,Monday
997,2023-10-01,20:36:00,51,Male,52,Beauty,3,30,15,90,20,Night,Adult,75.00,2023,October,Sunday
1169,2022-09-25,17:12:00,101,Male,18,Beauty,3,500,255,1500,17,Afternoon,Adult,1245.00,2022,September,Sunday
1645,2023-10-12,17:27:00,109,Female,35,Electronics,4,30,9,120,17,Afternoon,Adult,111.00,2023,October,Thursday
1968,2022-09-21,19:09:00,75,Female,48,Clothing,3,300,153,900,19,Night,Adult,747.00,2022,September,Wednesday
1997,2023-10-29,21:09:00,99,Male,52,Beauty,3,30,10,90,21,Night,Adult,80.00,2023,October,Sunday
57,2022-10-11,20:12:00,64,Female,63,Beauty,1,30,10,30,20,Night,Old,20.00,2022,October,Tuesday
137,2022-09-10,20:42:00,66,Male,46,Beauty,2,500,125,1000,20,Night,Adult,875.00,2022,September,Saturday
778,2023-12-13,18:28:00,105,Female,47,Beauty,4,25,14,100,18,Afternoon,Adult,86.00,2023,December,Wednesday
1057,2023-09-19,22:31:00,114,Female,63,Beauty,1,30,16,30,22,Night,Old,14.00,2023,September,Tuesday
1137,2022-11-05,22:34:00,104,Male,46,Beauty,2,500,145,1000,22,Night,Adult,855.00,2022,November,Saturday
1778,2023-12-30,19:57:00,94,Female,47,Beauty,4,25,11,100,19,Night,Adult,89.00,2023,December,Saturday
599,2023-12-10,19:07:00,82,Female,28,Beauty,2,50,25,100,19,Night,Adult,75.00,2023,December,Sunday
938,2022-09-16,17:55:00,103,Male,49,Clothing,4,50,23,200,17,Afternoon,Adult,177.00,2022,September,Friday
1599,2022-10-24,17:23:00,110,Female,28,Beauty,2,50,21,100,17,Afternoon,Adult,79.00,2022,October,Monday
1938,2022-10-12,20:15:00,76,Male,49,Clothing,4,50,14,200,20,Night,Adult,186.00,2022,October,Wednesday
234,2023-12-09,17:42:00,64,Female,62,Electronics,2,25,14,50,17,Afternoon,Old,36.00,2023,December,Saturday
1234,2023-09-07,17:46:00,78,Female,62,Electronics,2,25,8,50,17,Afternoon,Old,42.00,2023,September,Thursday
410,2023-10-31,19:41:00,64,Female,29,Clothing,2,50,15,100,19,Night,Adult,85.00,2023,October,Tuesday
417,2023-10-01,22:03:00,109,Male,43,Electronics,3,300,162,900,22,Night,Adult,738.00,2023,October,Sunday
581,2022-12-15,21:16:00,103,Female,48,Beauty,2,30,14,60,21,Night,Adult,46.00,2022,December,Thursday
1410,2022-10-16,18:47:00,72,Female,29,Clothing,2,50,23,100,18,Afternoon,Adult,77.00,2022,October,Sunday
1417,2022-12-26,17:43:00,54,Male,43,Electronics,3,300,147,900,17,Afternoon,Adult,753.00,2022,December,Monday
1581,2022-12-20,18:57:00,108,Female,48,Beauty,2,30,10,60,18,Afternoon,Adult,50.00,2022,December,Tuesday
74,2023-10-05,19:50:00,56,Female,18,Beauty,4,500,205,2000,19,Night,Adult,1795.00,2023,October,Thursday
87,2022-09-07,18:09:00,104,Female,28,Beauty,2,50,16,100,18,Afternoon,Adult,84.00,2022,September,Wednesday
803,2022-10-25,17:16:00,60,Male,39,Clothing,4,25,7,100,17,Afternoon,Adult,93.00,2022,October,Tuesday
1074,2022-10-04,20:18:00,67,Female,18,Beauty,4,500,230,2000,20,Night,Adult,1770.00,2022,October,Tuesday
1087,2022-11-08,23:00:00,81,Female,28,Beauty,2,50,15,100,23,Night,Adult,85.00,2022,November,Tuesday
1803,2023-12-26,19:36:00,101,Male,39,Clothing,4,25,9,100,19,Night,Adult,91.00,2023,December,Tuesday
424,2023-12-20,19:21:00,101,Male,57,Beauty,4,300,147,1200,19,Night,Adult,1053.00,2023,December,Wednesday
641,2023-12-25,18:30:00,105,Female,40,Electronics,1,300,144,300,18,Afternoon,Adult,156.00,2023,December,Monday
918,2023-10-13,21:59:00,114,Female,42,Electronics,3,30,16,90,21,Night,Adult,74.00,2023,October,Friday
1424,2023-09-05,21:32:00,54,Male,57,Beauty,4,300,111,1200,21,Night,Adult,1089.00,2023,September,Tuesday
1641,2022-09-01,17:41:00,65,Female,40,Electronics,1,300,165,300,17,Afternoon,Adult,135.00,2022,September,Thursday
1918,2022-12-10,21:57:00,56,Female,42,Electronics,3,30,13,90,21,Night,Adult,77.00,2022,December,Saturday
1,2022-12-16,19:10:00,50,Male,34,Beauty,3,50,16,150,19,Night,Adult,134.00,2022,December,Friday
95,2022-11-06,19:57:00,103,Female,32,Clothing,2,30,8,60,19,Night,Adult,52.00,2022,November,Sunday
171,2022-10-14,20:10:00,109,Female,52,Clothing,3,300,126,900,20,Night,Adult,774.00,2022,October,Friday
1001,2023-09-01,20:11:00,99,Male,34,Beauty,3,50,22,150,20,Night,Adult,128.00,2023,September,Friday
1095,2022-09-05,17:56:00,56,Female,32,Clothing,2,30,10,60,17,Afternoon,Adult,50.00,2022,September,Monday
1171,2022-10-05,21:05:00,87,Female,52,Clothing,3,300,84,900,21,Night,Adult,816.00,2022,October,Wednesday
156,2022-12-02,19:34:00,60,Female,43,Clothing,4,25,7,100,19,Night,Adult,93.00,2022,December,Friday
493,2022-12-01,20:10:00,95,Male,41,Beauty,2,25,8,50,20,Night,Adult,42.00,2022,December,Thursday
1156,2022-12-26,21:10:00,68,Female,43,Clothing,4,25,14,100,21,Night,Adult,86.00,2022,December,Monday
1493,2023-11-26,21:49:00,58,Male,41,Beauty,2,25,7,50,21,Night,Adult,43.00,2023,November,Sunday
115,2022-09-02,19:21:00,67,Male,51,Clothing,3,500,255,1500,19,Night,Adult,1245.00,2022,September,Friday
715,2022-10-11,20:57:00,55,Female,42,Beauty,4,25,6,100,20,Night,Adult,94.00,2022,October,Tuesday
1115,2023-09-21,17:41:00,99,Male,51,Clothing,3,500,180,1500,17,Afternoon,Adult,1320.00,2023,September,Thursday
1715,2022-12-30,19:35:00,89,Female,42,Beauty,4,25,10,100,19,Night,Adult,90.00,2022,December,Friday
267,2022-11-19,17:53:00,84,Female,32,Beauty,3,30,12,90,17,Afternoon,Adult,78.00,2022,November,Saturday
362,2023-09-27,22:43:00,101,Male,50,Clothing,1,25,10,25,22,Night,Adult,15.00,2023,September,Wednesday
856,2022-11-05,17:43:00,102,Male,54,Electronics,4,30,9,120,17,Afternoon,Adult,111.00,2022,November,Saturday
1267,2022-12-23,21:03:00,91,Female,32,Beauty,3,30,10,90,21,Night,Adult,80.00,2022,December,Friday
1362,2023-11-21,18:53:00,104,Male,50,Clothing,1,25,11,25,18,Afternoon,Adult,14.00,2023,November,Tuesday
1856,2023-12-20,21:34:00,114,Male,54,Electronics,4,30,16,120,21,Night,Adult,104.00,2023,December,Wednesday
84,2023-11-10,17:17:00,89,Female,38,Electronics,3,30,10,90,17,Afternoon,Adult,80.00,2023,November,Friday
795,2023-10-03,19:51:00,71,Male,57,Electronics,1,300,102,300,19,Night,Adult,198.00,2023,October,Tuesday
1084,2022-10-23,20:37:00,93,Female,38,Electronics,3,30,8,90,20,Night,Adult,82.00,2022,October,Sunday
1795,2023-12-29,18:50:00,86,Male,57,Electronics,1,300,105,300,18,Afternoon,Adult,195.00,2023,December,Friday
24,2023-12-14,22:59:00,59,Female,49,Clothing,1,300,87,300,22,Night,Adult,213.00,2023,December,Thursday
215,2022-10-03,21:20:00,101,Male,58,Clothing,3,500,145,1500,21,Night,Adult,1355.00,2022,October,Monday
739,2023-10-14,17:09:00,57,Male,36,Beauty,1,25,10,25,17,Afternoon,Adult,15.00,2023,October,Saturday
1024,2023-12-03,21:51:00,72,Female,49,Clothing,1,300,126,300,21,Night,Adult,174.00,2023,December,Sunday
1215,2022-11-19,20:44:00,107,Male,58,Clothing,3,500,130,1500,20,Night,Adult,1370.00,2022,November,Saturday
1739,2023-10-25,17:52:00,67,Male,36,Beauty,1,25,11,25,17,Afternoon,Adult,14.00,2023,October,Wednesday
289,2023-09-09,20:29:00,107,Male,53,Electronics,2,30,8,60,20,Night,Adult,52.00,2023,September,Saturday
741,2022-12-24,22:30:00,53,Male,48,Clothing,1,300,141,300,22,Night,Adult,159.00,2022,December,Saturday
810,2022-12-01,18:04:00,76,Male,59,Electronics,4,25,14,100,18,Afternoon,Adult,86.00,2022,December,Thursday
1289,2023-10-10,19:35:00,83,Male,53,Electronics,2,30,16,60,19,Night,Adult,44.00,2023,October,Tuesday
1741,2023-09-02,20:47:00,70,Male,48,Clothing,1,300,132,300,20,Night,Adult,168.00,2023,September,Saturday
1810,2023-09-22,18:29:00,106,Male,59,Electronics,4,25,14,100,18,Afternoon,Adult,86.00,2023,September,Friday
266,2022-09-12,18:26:00,66,Female,19,Electronics,2,30,14,60,18,Afternoon,Adult,46.00,2022,September,Monday
389,2022-11-11,19:06:00,109,Male,21,Clothing,2,25,12,50,19,Night,Adult,38.00,2022,November,Friday
1266,2023-09-03,20:08:00,79,Female,19,Electronics,2,30,16,60,20,Night,Adult,44.00,2023,September,Sunday
1389,2023-09-27,18:11:00,60,Male,21,Clothing,2,25,10,50,18,Afternoon,Adult,40.00,2023,September,Wednesday
112,2023-12-25,18:44:00,57,Male,37,Clothing,3,500,165,1500,18,Afternoon,Adult,1335.00,2023,December,Monday
566,2022-11-26,19:15:00,106,Female,64,Clothing,1,30,8,30,19,Night,Old,22.00,2022,November,Saturday
608,2022-12-07,22:19:00,112,Female,55,Electronics,3,500,200,1500,22,Night,Adult,1300.00,2022,December,Wednesday
1112,2022-12-22,17:11:00,94,Male,37,Clothing,3,500,180,1500,17,Afternoon,Adult,1320.00,2022,December,Thursday
1566,2022-10-03,18:17:00,56,Female,64,Clothing,1,30,16,30,18,Afternoon,Old,14.00,2022,October,Monday
1608,2023-09-26,21:01:00,87,Female,55,Electronics,3,500,265,1500,21,Night,Adult,1235.00,2023,September,Tuesday
348,2022-10-17,20:20:00,83,Female,35,Electronics,2,300,147,600,20,Night,Adult,453.00,2022,October,Monday
1348,2023-10-25,17:21:00,79,Female,35,Electronics,2,300,87,600,17,Afternoon,Adult,513.00,2023,October,Wednesday
199,2023-10-26,21:34:00,53,Male,45,Beauty,3,500,135,1500,21,Night,Adult,1365.00,2023,October,Thursday
258,2023-12-29,17:40:00,109,Female,37,Clothing,1,50,22,50,17,Afternoon,Adult,28.00,2023,December,Friday
485,2022-11-08,17:30:00,101,Male,24,Electronics,1,30,11,30,17,Afternoon,Adult,19.00,2022,November,Tuesday
576,2023-12-25,17:30:00,113,Female,33,Beauty,3,50,20,150,17,Afternoon,Adult,130.00,2023,December,Monday
1199,2023-12-16,17:46:00,110,Male,45,Beauty,3,500,190,1500,17,Afternoon,Adult,1310.00,2023,December,Saturday
1258,2022-12-03,20:27:00,64,Female,37,Clothing,1,50,22,50,20,Night,Adult,28.00,2022,December,Saturday
1485,2022-09-24,18:29:00,66,Male,24,Electronics,1,30,16,30,18,Afternoon,Adult,14.00,2022,September,Saturday
1576,2022-12-14,18:34:00,108,Female,33,Beauty,3,50,28,150,18,Afternoon,Adult,122.00,2022,December,Wednesday
65,2022-12-11,20:03:00,84,Male,51,Electronics,4,500,160,2000,20,Night,Adult,1840.00,2022,December,Sunday
311,2023-11-20,21:01:00,61,Female,32,Beauty,4,25,10,100,21,Night,Adult,90.00,2023,November,Monday
791,2022-09-04,16:28:00,106,Female,51,Beauty,1,25,12,25,16,Afternoon,Adult,13.00,2022,September,Sunday
971,2023-12-30,16:50:00,64,Female,27,Electronics,4,50,27,200,16,Afternoon,Adult,173.00,2023,December,Saturday
999,2022-12-14,16:45:00,110,Female,36,Electronics,3,50,22,150,16,Afternoon,Adult,128.00,2022,December,Wednesday
1065,2023-10-24,15:16:00,76,Male,51,Electronics,4,500,175,2000,15,Afternoon,Adult,1825.00,2023,October,Tuesday
1311,2023-11-24,15:22:00,84,Female,32,Beauty,4,25,9,100,15,Afternoon,Adult,91.00,2023,November,Friday
1791,2022-10-06,14:52:00,87,Female,51,Beauty,1,25,7,25,14,Afternoon,Adult,18.00,2022,October,Thursday
1971,2022-09-12,16:19:00,90,Female,27,Electronics,4,50,19,200,16,Afternoon,Adult,181.00,2022,September,Monday
1999,2022-11-12,13:06:00,61,Female,36,Electronics,3,50,13,150,13,Afternoon,Adult,137.00,2022,November,Saturday
395,2022-12-01,15:00:00,76,Male,50,Electronics,2,500,175,1000,15,Afternoon,Adult,825.00,2022,December,Thursday
535,2023-11-20,13:46:00,59,Male,47,Beauty,3,30,16,90,13,Afternoon,Adult,74.00,2023,November,Monday
580,2022-11-14,14:44:00,104,Female,31,Clothing,3,500,200,1500,14,Afternoon,Adult,1300.00,2022,November,Monday
712,2023-09-12,14:15:00,108,Female,57,Beauty,2,25,12,50,14,Afternoon,Adult,38.00,2023,September,Tuesday
868,2023-12-04,13:39:00,110,Female,25,Electronics,1,300,111,300,13,Afternoon,Adult,189.00,2023,December,Monday
1395,2023-09-10,14:18:00,91,Male,50,Electronics,2,500,130,1000,14,Afternoon,Adult,870.00,2023,September,Sunday
1535,2023-12-18,15:31:00,52,Male,47,Beauty,3,30,10,90,15,Afternoon,Adult,80.00,2023,December,Monday
1580,2023-09-21,15:47:00,105,Female,31,Clothing,3,500,250,1500,15,Afternoon,Adult,1250.00,2023,September,Thursday
1712,2023-11-25,16:37:00,92,Female,57,Beauty,2,25,9,50,16,Afternoon,Adult,41.00,2023,November,Saturday
1868,2022-12-06,16:23:00,78,Female,25,Electronics,1,300,138,300,16,Afternoon,Adult,162.00,2022,December,Tuesday
531,2022-10-08,12:30:00,105,Male,31,Electronics,1,500,275,500,12,Morning,Adult,225.00,2022,October,Saturday
550,2023-09-27,16:58:00,80,Male,40,Clothing,3,300,90,900,16,Afternoon,Adult,810.00,2023,September,Wednesday
1531,2022-09-22,13:19:00,56,Male,31,Electronics,1,500,250,500,13,Afternoon,Adult,250.00,2022,September,Thursday
1550,2022-09-30,13:11:00,73,Male,40,Clothing,3,300,147,900,13,Afternoon,Adult,753.00,2022,September,Friday
392,2022-12-21,13:11:00,77,Male,27,Clothing,2,300,78,600,13,Afternoon,Adult,522.00,2022,December,Wednesday
453,2022-10-14,14:45:00,90,Female,26,Clothing,2,500,265,1000,14,Afternoon,Adult,735.00,2022,October,Friday
540,2022-12-22,16:17:00,79,Female,46,Electronics,3,300,87,900,16,Afternoon,Adult,813.00,2022,December,Thursday
625,2022-12-25,13:36:00,68,Male,31,Clothing,1,300,123,300,13,Afternoon,Adult,177.00,2022,December,Sunday
1392,2022-09-12,12:28:00,70,Male,27,Clothing,2,300,90,600,12,Morning,Adult,510.00,2022,September,Monday
1453,2023-10-14,13:24:00,113,Female,26,Clothing,2,500,205,1000,13,Afternoon,Adult,795.00,2023,October,Saturday
1540,2023-10-12,16:51:00,115,Female,46,Electronics,3,300,147,900,16,Afternoon,Adult,753.00,2023,October,Thursday
1625,2023-09-27,16:36:00,52,Male,31,Clothing,1,300,147,300,16,Afternoon,Adult,153.00,2023,September,Wednesday
244,2023-09-14,13:57:00,101,Male,28,Beauty,2,50,21,100,13,Afternoon,Adult,79.00,2023,September,Thursday
355,2022-09-23,13:42:00,96,Female,55,Electronics,1,500,260,500,13,Afternoon,Adult,240.00,2022,September,Friday
468,2022-12-05,14:32:00,86,Male,40,Electronics,1,25,12,25,14,Afternoon,Adult,13.00,2022,December,Monday
700,2022-09-01,15:07:00,61,Male,36,Electronics,4,500,250,2000,15,Afternoon,Adult,1750.00,2022,September,Thursday
752,2023-09-20,16:06:00,79,Male,29,Clothing,2,50,13,100,16,Afternoon,Adult,87.00,2023,September,Wednesday
828,2022-11-24,15:54:00,76,Female,33,Electronics,4,300,132,1200,15,Afternoon,Adult,1068.00,2022,November,Thursday
1244,2022-12-11,16:47:00,100,Male,28,Beauty,2,50,20,100,16,Afternoon,Adult,80.00,2022,December,Sunday
1355,2023-09-17,13:19:00,107,Female,55,Electronics,1,500,155,500,13,Afternoon,Adult,345.00,2023,September,Sunday
1468,2023-11-08,13:14:00,73,Male,40,Electronics,1,25,10,25,13,Afternoon,Adult,15.00,2023,November,Wednesday
1700,2023-09-27,16:10:00,87,Male,36,Electronics,4,500,210,2000,16,Afternoon,Adult,1790.00,2023,September,Wednesday
1752,2023-10-21,13:01:00,79,Male,29,Clothing,2,50,15,100,13,Afternoon,Adult,85.00,2023,October,Saturday
1828,2022-10-14,14:14:00,99,Female,33,Electronics,4,300,165,1200,14,Afternoon,Adult,1035.00,2022,October,Friday
80,2023-10-22,16:51:00,82,Female,64,Clothing,2,30,12,60,16,Afternoon,Old,48.00,2023,October,Sunday
214,2022-11-05,16:31:00,53,Male,20,Beauty,2,30,8,60,16,Afternoon,Adult,52.00,2022,November,Saturday
361,2022-09-12,16:37:00,112,Female,34,Electronics,4,300,81,1200,16,Afternoon,Adult,1119.00,2022,September,Monday
526,2022-11-19,12:47:00,65,Male,33,Clothing,2,50,20,100,12,Morning,Adult,80.00,2022,November,Saturday
1080,2022-12-08,13:31:00,70,Female,64,Clothing,2,30,13,60,13,Afternoon,Old,47.00,2022,December,Thursday
1214,2023-11-18,14:24:00,50,Male,20,Beauty,2,30,11,60,14,Afternoon,Adult,49.00,2023,November,Saturday
1361,2023-09-12,16:00:00,89,Female,34,Electronics,4,300,153,1200,16,Afternoon,Adult,1047.00,2023,September,Tuesday
1526,2022-09-25,15:06:00,84,Male,33,Clothing,2,50,27,100,15,Afternoon,Adult,73.00,2022,September,Sunday
265,2022-11-24,12:12:00,80,Male,55,Clothing,3,300,132,900,12,Morning,Adult,768.00,2022,November,Thursday
586,2023-12-20,14:57:00,84,Male,50,Electronics,1,50,22,50,14,Afternoon,Adult,28.00,2023,December,Wednesday
1265,2022-11-05,14:35:00,86,Male,55,Clothing,3,300,111,900,14,Afternoon,Adult,789.00,2022,November,Saturday
1586,2022-11-04,16:25:00,59,Male,50,Electronics,1,50,14,50,16,Afternoon,Adult,36.00,2022,November,Friday
336,2023-11-04,13:05:00,67,Female,52,Beauty,3,50,25,150,13,Afternoon,Adult,125.00,2023,November,Saturday
571,2022-10-20,12:51:00,87,Female,41,Electronics,1,50,16,50,12,Morning,Adult,34.00,2022,October,Thursday
1336,2022-09-23,13:27:00,74,Female,52,Beauty,3,50,22,150,13,Afternoon,Adult,128.00,2022,September,Friday
1571,2022-11-08,14:55:00,105,Female,41,Electronics,1,50,25,50,14,Afternoon,Adult,25.00,2022,November,Tuesday
9,2022-12-02,13:12:00,85,Male,63,Electronics,2,300,78,600,13,Afternoon,Old,522.00,2022,December,Friday
552,2022-10-29,13:32:00,85,Female,49,Electronics,3,25,10,75,13,Afternoon,Adult,65.00,2022,October,Saturday
771,2023-12-24,12:23:00,70,Male,24,Electronics,2,25,12,50,12,Morning,Adult,38.00,2023,December,Sunday
1009,2023-09-22,14:18:00,88,Male,63,Electronics,2,300,78,600,14,Afternoon,Old,522.00,2023,September,Friday
1552,2022-09-25,12:11:00,55,Female,49,Electronics,3,25,13,75,12,Morning,Adult,62.00,2022,September,Sunday
1771,2023-09-13,13:41:00,108,Male,24,Electronics,2,25,11,50,13,Afternoon,Adult,39.00,2023,September,Wednesday
496,2022-12-12,13:07:00,91,Male,23,Clothing,2,300,141,600,13,Afternoon,Adult,459.00,2022,December,Monday
701,2023-11-29,16:33:00,93,Female,52,Beauty,2,30,14,60,16,Afternoon,Adult,46.00,2023,November,Wednesday
1496,2022-09-03,15:05:00,110,Male,23,Clothing,2,300,120,600,15,Afternoon,Adult,480.00,2022,September,Saturday
1701,2023-10-13,15:09:00,62,Female,52,Beauty,2,30,16,60,15,Afternoon,Adult,44.00,2023,October,Friday
139,2023-09-15,14:03:00,113,Male,36,Beauty,4,500,230,2000,14,Afternoon,Adult,1770.00,2023,September,Friday
151,2023-10-12,15:49:00,108,Male,29,Clothing,1,50,18,50,15,Afternoon,Adult,32.00,2023,October,Thursday
1139,2023-12-21,14:23:00,87,Male,36,Beauty,4,500,230,2000,14,Afternoon,Adult,1770.00,2023,December,Thursday
1151,2022-12-12,14:48:00,99,Male,29,Clothing,1,50,26,50,14,Afternoon,Adult,24.00,2022,December,Monday
83,2022-11-27,15:57:00,56,Male,54,Electronics,2,50,17,100,15,Afternoon,Adult,83.00,2022,November,Sunday
153,2023-11-19,15:52:00,62,Male,63,Electronics,2,500,195,1000,15,Afternoon,Old,805.00,2023,November,Sunday
451,2023-10-09,15:38:00,74,Female,45,Electronics,1,30,14,30,15,Afternoon,Adult,16.00,2023,October,Monday
1083,2022-09-30,15:46:00,99,Male,54,Electronics,2,50,18,100,15,Afternoon,Adult,82.00,2022,September,Friday
1153,2022-09-24,12:30:00,91,Male,63,Electronics,2,500,265,1000,12,Morning,Old,735.00,2022,September,Saturday
1451,2022-09-23,12:10:00,94,Female,45,Electronics,1,30,13,30,12,Morning,Adult,17.00,2022,September,Friday
99,2023-11-19,15:12:00,71,Female,50,Electronics,4,300,132,1200,15,Afternoon,Adult,1068.00,2023,November,Sunday
783,2022-11-11,15:37:00,91,Female,56,Clothing,1,300,150,300,15,Afternoon,Adult,150.00,2022,November,Friday
1099,2022-12-24,12:41:00,56,Female,50,Electronics,4,300,162,1200,12,Morning,Adult,1038.00,2022,December,Saturday
1783,2023-09-05,16:37:00,52,Female,56,Clothing,1,300,135,300,16,Afternoon,Adult,165.00,2023,September,Tuesday
409,2023-12-17,12:30:00,55,Female,21,Electronics,3,300,87,900,12,Morning,Adult,813.00,2023,December,Sunday
525,2022-09-05,14:15:00,98,Female,47,Beauty,2,25,7,50,14,Afternoon,Adult,43.00,2022,September,Monday
939,2022-11-07,15:28:00,75,Female,46,Electronics,1,300,81,300,15,Afternoon,Adult,219.00,2022,November,Monday
994,2022-12-24,16:38:00,73,Female,51,Beauty,2,500,125,1000,16,Afternoon,Adult,875.00,2022,December,Saturday
1409,2023-11-22,12:15:00,102,Female,21,Electronics,3,300,138,900,12,Morning,Adult,762.00,2023,November,Wednesday
1525,2022-12-13,13:35:00,106,Female,47,Beauty,2,25,12,50,13,Afternoon,Adult,38.00,2022,December,Tuesday
1939,2022-10-31,13:30:00,74,Female,46,Electronics,1,300,135,300,13,Afternoon,Adult,165.00,2022,October,Monday
1994,2022-11-20,13:27:00,86,Female,51,Beauty,2,500,250,1000,13,Afternoon,Adult,750.00,2022,November,Sunday
96,2023-11-22,14:10:00,62,Female,44,Clothing,2,300,84,600,14,Afternoon,Adult,516.00,2023,November,Wednesday
609,2023-11-19,13:02:00,59,Female,47,Clothing,2,50,13,100,13,Afternoon,Adult,87.00,2023,November,Sunday
982,2022-11-10,14:08:00,50,Female,46,Beauty,3,30,16,90,14,Afternoon,Adult,74.00,2022,November,Thursday
1096,2022-12-01,14:49:00,82,Female,44,Clothing,2,300,138,600,14,Afternoon,Adult,462.00,2022,December,Thursday
1609,2023-10-05,13:58:00,81,Female,47,Clothing,2,50,23,100,13,Afternoon,Adult,77.00,2023,October,Thursday
1982,2023-09-09,12:46:00,110,Female,46,Beauty,3,30,17,90,12,Morning,Adult,73.00,2023,September,Saturday
209,2022-09-03,12:22:00,61,Female,30,Electronics,4,50,14,200,12,Morning,Adult,186.00,2022,September,Saturday
435,2023-12-15,13:41:00,113,Female,30,Beauty,3,300,108,900,13,Afternoon,Adult,792.00,2023,December,Friday
777,2022-09-10,15:07:00,54,Male,48,Electronics,3,50,17,150,15,Afternoon,Adult,133.00,2022,September,Saturday
854,2022-10-01,15:42:00,84,Male,29,Clothing,1,50,22,50,15,Afternoon,Adult,28.00,2022,October,Saturday
890,2023-12-25,14:44:00,76,Male,34,Electronics,2,25,14,50,14,Afternoon,Adult,36.00,2023,December,Monday
1209,2022-12-06,12:37:00,55,Female,30,Electronics,4,50,23,200,12,Morning,Adult,177.00,2022,December,Tuesday
1435,2022-10-27,13:31:00,61,Female,30,Beauty,3,300,114,900,13,Afternoon,Adult,786.00,2022,October,Thursday
1777,2023-11-15,12:06:00,74,Male,48,Electronics,3,50,20,150,12,Morning,Adult,130.00,2023,November,Wednesday
1854,2023-11-25,16:53:00,109,Male,29,Clothing,1,50,23,50,16,Afternoon,Adult,27.00,2023,November,Saturday
1890,2023-10-18,14:20:00,51,Male,34,Electronics,2,25,6,50,14,Afternoon,Adult,44.00,2023,October,Wednesday
865,2023-12-17,14:49:00,78,Female,42,Clothing,1,300,108,300,14,Afternoon,Adult,192.00,2023,December,Sunday
1865,2022-11-18,14:52:00,107,Female,42,Clothing,1,300,156,300,14,Afternoon,Adult,144.00,2022,November,Friday
662,2022-12-03,12:40:00,100,Male,48,Beauty,2,500,145,1000,12,Morning,Adult,855.00,2022,December,Saturday
1662,2023-12-20,12:38:00,106,Male,48,Beauty,2,500,240,1000,12,Morning,Adult,760.00,2023,December,Wednesday
309,2023-10-12,15:39:00,78,Female,26,Beauty,1,25,9,25,15,Afternoon,Adult,16.00,2023,October,Thursday
544,2023-10-31,13:46:00,95,Female,27,Electronics,1,25,10,25,13,Afternoon,Adult,15.00,2023,October,Tuesday
602,2023-12-12,16:46:00,75,Female,20,Electronics,1,300,96,300,16,Afternoon,Adult,204.00,2023,December,Tuesday
615,2022-10-31,15:06:00,58,Female,61,Clothing,4,25,11,100,15,Afternoon,Old,89.00,2022,October,Monday
678,2022-11-17,15:55:00,70,Female,60,Electronics,3,300,144,900,15,Afternoon,Old,756.00,2022,November,Thursday
781,2022-10-19,16:52:00,106,Male,35,Beauty,1,500,225,500,16,Afternoon,Adult,275.00,2022,October,Wednesday
1309,2022-09-30,16:50:00,93,Female,26,Beauty,1,25,10,25,16,Afternoon,Adult,15.00,2022,September,Friday
1544,2022-12-16,15:58:00,70,Female,27,Electronics,1,25,11,25,15,Afternoon,Adult,14.00,2022,December,Friday
1602,2022-12-01,15:17:00,86,Female,20,Electronics,1,300,126,300,15,Afternoon,Adult,174.00,2022,December,Thursday
1615,2022-11-17,13:43:00,82,Female,61,Clothing,4,25,14,100,13,Afternoon,Old,86.00,2022,November,Thursday
1678,2022-09-16,13:44:00,99,Female,60,Electronics,3,300,102,900,13,Afternoon,Old,798.00,2022,September,Friday
1781,2022-10-13,12:22:00,55,Male,35,Beauty,1,500,225,500,12,Morning,Adult,275.00,2022,October,Thursday
34,2023-09-24,13:26:00,87,Female,51,Clothing,3,50,17,150,13,Afternoon,Adult,133.00,2023,September,Sunday
916,2023-12-05,12:56:00,68,Female,32,Electronics,1,50,26,50,12,Morning,Adult,24.00,2023,December,Tuesday
1034,2022-11-13,14:48:00,52,Female,51,Clothing,3,50,25,150,14,Afternoon,Adult,125.00,2022,November,Sunday
1916,2022-11-08,12:40:00,102,Female,32,Electronics,1,50,17,50,12,Morning,Adult,33.00,2022,November,Tuesday
757,2023-10-06,12:10:00,82,Female,43,Electronics,4,300,105,1200,12,Morning,Adult,1095.00,2023,October,Friday
1757,2023-09-29,16:42:00,50,Female,43,Electronics,4,300,132,1200,16,Afternoon,Adult,1068.00,2023,September,Friday
25,2022-11-20,14:32:00,61,Female,64,Beauty,1,50,19,50,14,Afternoon,Old,31.00,2022,November,Sunday
82,2022-09-08,12:55:00,85,Female,32,Beauty,4,50,15,200,12,Morning,Adult,185.00,2022,September,Thursday
472,2023-10-30,15:23:00,95,Female,38,Beauty,3,300,162,900,15,Afternoon,Adult,738.00,2023,October,Monday
842,2022-11-28,14:13:00,71,Female,47,Clothing,2,300,105,600,14,Afternoon,Adult,495.00,2022,November,Monday
879,2022-11-13,16:51:00,50,Male,23,Clothing,1,30,15,30,16,Afternoon,Adult,15.00,2022,November,Sunday
991,2023-09-14,14:28:00,110,Female,34,Clothing,2,50,20,100,14,Afternoon,Adult,80.00,2023,September,Thursday
1025,2022-11-12,16:41:00,103,Female,64,Beauty,1,50,17,50,16,Afternoon,Old,33.00,2022,November,Saturday
1082,2022-10-22,15:56:00,111,Female,32,Beauty,4,50,28,200,15,Afternoon,Adult,172.00,2022,October,Saturday
1472,2023-12-18,15:22:00,74,Female,38,Beauty,3,300,150,900,15,Afternoon,Adult,750.00,2023,December,Monday
1842,2022-10-04,14:03:00,84,Female,47,Clothing,2,300,75,600,14,Afternoon,Adult,525.00,2022,October,Tuesday
1879,2022-11-18,15:27:00,66,Male,23,Clothing,1,30,16,30,15,Afternoon,Adult,14.00,2022,November,Friday
1991,2022-12-04,13:11:00,96,Female,34,Clothing,2,50,15,100,13,Afternoon,Adult,85.00,2022,December,Sunday
62,2023-09-16,12:54:00,50,Male,18,Beauty,2,50,27,100,12,Morning,Adult,73.00,2023,September,Saturday
386,2022-10-23,13:20:00,77,Female,54,Electronics,2,300,153,600,13,Afternoon,Adult,447.00,2022,October,Sunday
1062,2022-12-20,16:05:00,69,Male,18,Beauty,2,50,22,100,16,Afternoon,Adult,78.00,2022,December,Tuesday
1386,2023-12-19,14:06:00,110,Female,54,Electronics,2,300,81,600,14,Afternoon,Adult,519.00,2023,December,Tuesday
429,2023-09-08,14:29:00,80,Male,64,Electronics,2,25,7,50,14,Afternoon,Old,43.00,2023,September,Friday
664,2022-09-03,16:52:00,109,Female,44,Clothing,4,500,170,2000,16,Afternoon,Adult,1830.00,2022,September,Saturday
989,2022-10-31,13:30:00,97,Female,44,Electronics,1,25,8,25,13,Afternoon,Adult,17.00,2022,October,Monday
1429,2023-11-22,13:14:00,102,Male,64,Electronics,2,25,12,50,13,Afternoon,Old,38.00,2023,November,Wednesday
1664,2023-12-12,16:44:00,99,Female,44,Clothing,4,500,245,2000,16,Afternoon,Adult,1755.00,2023,December,Tuesday
1989,2022-09-06,16:21:00,109,Female,44,Electronics,1,25,13,25,16,Afternoon,Adult,12.00,2022,September,Tuesday
233,2022-09-03,13:09:00,81,Female,51,Beauty,2,300,132,600,13,Afternoon,Adult,468.00,2022,September,Saturday
520,2022-10-16,12:42:00,79,Female,49,Electronics,4,25,13,100,12,Morning,Adult,87.00,2022,October,Sunday
805,2022-09-03,13:55:00,59,Female,30,Beauty,3,500,155,1500,13,Afternoon,Adult,1345.00,2022,September,Saturday
908,2022-10-30,14:47:00,64,Male,46,Beauty,4,300,81,1200,14,Afternoon,Adult,1119.00,2022,October,Sunday
1233,2023-10-01,16:20:00,79,Female,51,Beauty,2,300,117,600,16,Afternoon,Adult,483.00,2023,October,Sunday
1520,2022-11-21,15:28:00,88,Female,49,Electronics,4,25,11,100,15,Afternoon,Adult,89.00,2022,November,Monday
1805,2023-10-10,13:35:00,79,Female,30,Beauty,3,500,225,1500,13,Afternoon,Adult,1275.00,2023,October,Tuesday
1908,2023-12-17,12:34:00,93,Male,46,Beauty,4,300,87,1200,12,Morning,Adult,1113.00,2023,December,Sunday
857,2023-11-20,12:09:00,62,Male,60,Electronics,2,25,12,50,12,Morning,Old,38.00,2023,November,Monday
1857,2022-11-09,12:15:00,109,Male,60,Electronics,2,25,8,50,12,Morning,Old,42.00,2022,November,Wednesday
211,2022-09-12,14:02:00,54,Male,42,Beauty,3,500,235,1500,14,Afternoon,Adult,1265.00,2022,September,Monday
650,2023-10-08,12:41:00,98,Male,55,Electronics,1,30,15,30,12,Morning,Adult,15.00,2023,October,Sunday
1211,2023-11-22,14:59:00,82,Male,42,Beauty,3,500,235,1500,14,Afternoon,Adult,1265.00,2023,November,Wednesday
1650,2022-09-23,16:24:00,89,Male,55,Electronics,1,30,11,30,16,Afternoon,Adult,19.00,2022,September,Friday
